text,label,predicted_label,predicted_probability,prob_negative,prob_neutral,prob_positive
android marshmallow <number> . <number> . <number> won't let me log on the by existing account just keeps saying setting up bbm please fix,negative,negative,0.8940226435661316,0.89402264,0.09482022,0.011157254
map animation stopped working,negative,negative,0.9443543553352356,0.94435436,0.048729517,0.006916127
"good, but slow workflow.",positive,neutral,0.8337106108665466,0.017565796,0.8337106,0.14872356
nice app to use with friends,neutral,positive,0.9430009126663208,0.0070270817,0.049971964,0.9430009
"i love this app, but i wish they had more outfit selections for maternity. other than that it's pretty awesome.",positive,positive,0.9449787139892578,0.011634076,0.043387208,0.9449787
radar in motion won't work.,negative,negative,0.970676064491272,0.97067606,0.02425204,0.005071867
only opened <number> st <number> th pages of <url>,negative,negative,0.9665810465812683,0.96658105,0.02861496,0.004804031
when i was being rained on it said no rain in your <url> it is still a good weather app.,neutral,neutral,0.6787404417991638,0.18539906,0.67874044,0.1358605
everthing is tought before its use,neutral,neutral,0.6254019737243652,0.31070364,0.625402,0.06389441
good content. worth downloading,neutral,positive,0.877612292766571,0.006091863,0.116295874,0.8776123
"it's a great and fun app for emoji use, i like the customization. but there needs to be more clothing and style options. i feel like there needs to be styles with clothing and hair, such as punk, goth, rocker, traditional, futuristic, fairy, and many more. other than wanting more styles to choose from this app is great",positive,positive,0.9473528861999512,0.009416772,0.043230318,0.9473529
"wow, this is a terrible app. no open dialog or page goto. i had expected better from an actual adobe app.",negative,negative,0.9713090062141418,0.971309,0.023441456,0.0052494993
i m fed of this <url> has posted it add every where,negative,neutral,0.46413981914520264,0.12779628,0.46413982,0.40806386
it is very usefull browser,positive,positive,0.7514672875404358,0.011462644,0.23707011,0.7514673
its a bit slow vs thinking office and also text anti aliasing is bad,neutral,neutral,0.877679705619812,0.05910709,0.8776797,0.0632133
"it was great for me and the owner was very nice to us.,but the price change when i pay from <number> to <number>",neutral,positive,0.6535256505012512,0.043400876,0.3030735,0.65352565
provide some good <url> the only bad thing about this app is lack of good <url> hope you make it <url>,neutral,neutral,0.5836168527603149,0.023873344,0.58361685,0.39250982
problem with saving large photos plz fix ir,neutral,neutral,0.8411222696304321,0.091030225,0.84112227,0.06784755
its a good app but we dont have a night mode option for reading in which the background becomes black and text becomes white in color.,positive,neutral,0.9008737206459045,0.024156846,0.9008737,0.074969426
i hate the new version of bbm,negative,negative,0.9645676016807556,0.9645676,0.030137224,0.005295149
is an interesting app to use.,positive,positive,0.9238957762718201,0.007920411,0.06818379,0.9238958
"used to be great. now lots of issues with network. i keep getting no network errors, as failed to update errors even when signal is great, or i'm connected to my wi-fi at home.",neutral,negative,0.6402943134307861,0.6402943,0.33372086,0.0259848
it always has me in virginia and i live in florida,neutral,positive,0.7844008207321167,0.04997363,0.16562562,0.7844008
it is the very good ape to any one download,positive,positive,0.9203320145606995,0.009941883,0.06972611,0.920332
not up to the mark,neutral,neutral,0.740685760974884,0.20531929,0.74068576,0.053994916
useless boring it's of no use now days just like mxit,negative,negative,0.9688228368759155,0.96882284,0.026291275,0.0048859725
very easy to use,positive,positive,0.9387900233268738,0.008481939,0.05272807,0.93879
worst upadate this update dont respond whenever i access my download section so hated it.,negative,negative,0.9724369645118713,0.97243696,0.022611996,0.0049509294
i have lots of state that i watch. my home town will not show what it feels like. all the others do. i have tried a few different things and it won't work. don't understand but it is important to me to know how cold it feels out. i can go to hourly and it tells me but should not have to! i'm uninstalling!,neutral,negative,0.7333436012268066,0.7333436,0.23878102,0.027875412
better and more accurate then most other weather apps.,positive,positive,0.9413151144981384,0.006476565,0.052208245,0.9413151
fun!!! just wish i could make one of my bf.,neutral,positive,0.9353809952735901,0.011290824,0.053328216,0.935381
worthless does not open password protected pdf as stated,negative,negative,0.9505333304405212,0.95053333,0.042471666,0.0069950367
shoddy ui and keeps logging me out,negative,negative,0.7380606532096863,0.73806065,0.23774092,0.024198432
"very accurate, which is important! how about a <number> x <number> widget?",positive,positive,0.8922268748283386,0.006820817,0.100952335,0.8922269
i like the set up.,positive,positive,0.8714914321899414,0.008394745,0.120113775,0.87149143
"looks interesting at initial install, however the advertisement photos and the camera lay out are different to my install on a samsung galaxy note <number> . missing too many features compared to the full pc. version, particularly tagging and indexing. camera is not as good as the original camera being on the dark side. a nice app. however adds not enough to warrant keeping. perhaps in the future updates. most notably is missing the side by side photo comparison which was the main reason for installation.",neutral,neutral,0.8813204169273376,0.028105674,0.8813204,0.09057394
nexus <number> and samsung s <number>,positive,neutral,0.643782377243042,0.17506307,0.6437824,0.18115447
"crashing. app crashes and freezes constantly. on htc one m <number> , and the app is completely broken.",negative,negative,0.9608039259910583,0.9608039,0.032532953,0.0066631627
plz provide watermarking <url>,positive,positive,0.8592348694801331,0.022539021,0.118226066,0.85923487
u can download all movies in any language at movie <url> it okkk,neutral,neutral,0.7494289875030518,0.091065176,0.749429,0.15950581
pls add more features for android like iphone features,neutral,positive,0.6868395805358887,0.02054478,0.29261568,0.6868396
nice app but when i taking picture with this app i have little problem here the range have limited only <number> - <number> meter even i set focus to infinity still can't get to it. i shoot with pro mode <url> you can fix that it will be <url>,neutral,positive,0.7844738364219666,0.0077340174,0.20779218,0.78447384
it's not a web browser. it's an ad browser,negative,negative,0.8642272353172302,0.86422724,0.12466507,0.01110758
a lot of a bug here,negative,negative,0.5995064973831177,0.5995065,0.33682245,0.063670985
shame forest starts again every day would be nice to build a huge forest like monthly or so,positive,neutral,0.563896119594574,0.3361113,0.5638961,0.09999252
"this app is so fun! my friends and family love exchanging silly bitmojis in our texts. the only reason why i gave it <number> stars is because i wish there was a way for your to organize the bitmojis, so you can quickly access certain ones instead of having to scroll through them or search. also, the outfits are pretty awful. they need a little more fashion. lol however, the art and creativity in the bitmojis are terrific!",positive,positive,0.8897573947906494,0.017445799,0.0927968,0.8897574
i love it but we need video support!,neutral,positive,0.831844687461853,0.047592983,0.120562315,0.8318447
the app is is good but,neutral,neutral,0.8431316018104553,0.028881079,0.8431316,0.12798725
it is taking forever to load. never had this issue before. just started a few weeks ago,neutral,neutral,0.636161744594574,0.3009304,0.63616174,0.06290786
map stopped animating over a week ago on my samsung galaxy s <number> . please fix. used to be the <signature>,negative,negative,0.6876228451728821,0.68762285,0.28728133,0.025095878
"it definitely helps me stay focused and off my phone. the one complaint i have is that when i have my phone on silent/vibrate, when i plant a tree my phone goes into standard/sounds on mode. i don't like that at all, i have it on silent for a reason.",positive,positive,0.7354350686073303,0.011569758,0.2529952,0.73543507
one   for doing this nasty ios port,negative,negative,0.9432712197303772,0.9432712,0.04677744,0.009951348
unmounted my sd card,negative,negative,0.9668302536010742,0.96683025,0.027887417,0.00528242
why can i not delete saved locations? and ive read thtough it many times and dont see anyway at all to delte previously saved locations!!? im going to have to uninstall the app and then reinstall it to reset this location deleting issue u have!?!???,neutral,negative,0.9611170887947083,0.9611171,0.03395232,0.004930539
"lacks capability to browse for local file. no goto page option, <number> page documents impossible to read. no 'bookmark' to save <url> apps avail",negative,negative,0.7566683292388916,0.7566683,0.22822556,0.015106142
bbm is easy to use and simple way for chating to my friends and <url> !,neutral,positive,0.9415464401245117,0.008554253,0.049899306,0.94154644
make it better please,positive,positive,0.7549177408218384,0.008820383,0.23626186,0.75491774
"i liked the game as well as the concept. it would be better if it gave a sort of buzzer when time was up, and if you could add some personalization.",positive,positive,0.9117239713668823,0.006302169,0.08197384,0.911724
"useful app nice app for opening documents, no adverts,easy to use and doesn't need a lot of experience",positive,positive,0.9309597015380859,0.00575715,0.063283086,0.9309597
easy to book and great choice and information.,positive,positive,0.9452617168426514,0.013012468,0.041725855,0.9452617
never trust earth networks again,negative,negative,0.8920416235923767,0.8920416,0.08937528,0.018583119
what happened to the elite version i paid for?,negative,negative,0.9680368900299072,0.9680369,0.025975935,0.0059871553
lots of problems with the map,neutral,neutral,0.6844568252563477,0.23278409,0.6844568,0.08275904
simple and easy to use,positive,positive,0.9410760402679443,0.00811947,0.05080444,0.94107604
"enjoyed the app until the <url> then the ticker quit <url> the pop up ads in the ticker are annoying. when you get all that shut off in settings, it works great!",positive,neutral,0.7440851330757141,0.035217125,0.74408513,0.22069776
radar does not work. will not stay on my home city.,negative,negative,0.9710664749145508,0.9710665,0.023568302,0.0053652497
it would be nice if it was in different languages.,neutral,neutral,0.6650554537773132,0.014745737,0.66505545,0.32019877
some tools can be available and improved without having to open an account or sign in each time like with drive but in general is pretty useful and have good features also please create the bin icon instead of the <number> dots and once you choose a file you can't delete only if you go back,positive,positive,0.822681188583374,0.00734332,0.16997546,0.8226812
"i love it! however, i do a lot of work on my phone and so i would like an option to run the app while using my phone, without it killing a tree!",positive,positive,0.9174824357032776,0.015649766,0.06686782,0.91748244
good app easy to use. the lens correction function doesn't seem to work though. but maybe i am unaware of how it's supposed to work.,positive,neutral,0.5672804713249207,0.013360486,0.5672805,0.419359
there should be feature by which we can see who saw my message in a group and who doesn't. like we have in what's app,positive,neutral,0.8366929292678833,0.021204952,0.8366929,0.14210206
"can we get this to, somehow, plant an actual tree? say, for a certain amount of trees grown succesfully a tree gets planted at some forest in need.",negative,neutral,0.6293482780456543,0.12460692,0.6293483,0.24604478
contains alot of ads,positive,neutral,0.7516568303108215,0.11373116,0.75165683,0.13461196
can't search area,negative,negative,0.8903189301490784,0.89031893,0.10139664,0.008284443
good app for team communications,positive,positive,0.940768837928772,0.006573753,0.052657373,0.94076884
stopped showing up in my status bar,neutral,neutral,0.545886218547821,0.3355129,0.5458862,0.11860088
use it for studying,positive,positive,0.9047119617462158,0.011879602,0.08340841,0.90471196
too much ads i dont want uc news stop showing me ads to download uc news,negative,negative,0.9093154668807983,0.90931547,0.08207134,0.008613138
installed this app on my zt <number> tablet but wont work annoying!,negative,negative,0.9590755701065063,0.95907557,0.03566834,0.005256087
the tree does not die no matter which app i <url> i have tried every setting possible but it doesnot <url>,negative,negative,0.7537869215011597,0.7537869,0.21913964,0.027073396
i love  this app,positive,negative,0.5819960832595825,0.5819961,0.25998896,0.158015
need to have female and males,neutral,neutral,0.7580987811088562,0.15702225,0.7580988,0.08487897
add tick tick clock sound in it,positive,positive,0.7846413254737854,0.018348712,0.19701001,0.7846413
the radar won't work with samsung galaxy s <number> . so lame,negative,negative,0.969311535358429,0.96931154,0.025859136,0.004829309
great app. and loads pdf docs faster than many other apps,positive,positive,0.9432820081710815,0.011423893,0.045294087,0.943282
"fun app! wish i could draw some added details, but fun anyway.",positive,positive,0.9319356083869934,0.007199379,0.06086494,0.9319356
pretty cool app to have.,positive,neutral,0.697931170463562,0.017356643,0.6979312,0.2847121
"clumsy auto-import, but great overall",positive,neutral,0.8136987686157227,0.024934692,0.81369877,0.16136652
useless without raw support,negative,negative,0.96914142370224,0.9691414,0.02592615,0.004932433
tried to use it for my team at work but they just wanted to use the whatsapp groups they currently do which is basically the same thing.,neutral,neutral,0.6951869130134583,0.10615874,0.6951869,0.19865432
i think this a smart browser but opera mini fast then uc but good effort by devolpers,positive,positive,0.5940713882446289,0.011460396,0.39446816,0.5940714
i am facing problem while using it needed to work on user interface its getting slow and hangs sometimes,neutral,neutral,0.8438341617584229,0.0871245,0.84383416,0.069041274
"it's an ok app, compared to whatsapp and line messenger",neutral,neutral,0.8413205742835999,0.017297788,0.8413206,0.14138162
"won't open any .pdf files on my tmo vibrant (bionix <number> . <number> ), useless.",negative,negative,0.9726606607437134,0.97266066,0.022420783,0.0049185045
can you fix the quality of display picture,positive,positive,0.7652825713157654,0.014749758,0.21996765,0.7652826
can't move app to sd card,neutral,negative,0.7855459451675415,0.78554595,0.20148627,0.012967751
good app but more facilities we exprcted,neutral,neutral,0.6943838596343994,0.0154902,0.69438386,0.29012588
app works great. consider changing the red triangular notification to a solid red color in the notification bar in android. on my note <number> it appears as transparent in the notification bar at the top.,positive,positive,0.8861585259437561,0.010740387,0.10310104,0.8861585
plz update it it stick in the loading screen forever,negative,neutral,0.6673330664634705,0.21161005,0.66733307,0.121056885
i like it but i wish there were more things and i wish we could customize shirts and stuff,positive,positive,0.9464823603630066,0.009364882,0.044152763,0.94648236
my messages aren't going through to anyone. please fix immediately.,neutral,neutral,0.6327874064445496,0.10802041,0.6327874,0.25919223
"i love it, but i'll select one to use and then it will show the new one sent, but a short time later, it will show that i resent an old one, not the one i just selected.",neutral,positive,0.8523541688919067,0.014454211,0.13319166,0.85235417
my radar has stopped working! i've never had a problem with it until today please fix!,negative,negative,0.9525941610336304,0.95259416,0.04046676,0.0069390587
working properly for awhile and crashes later on,neutral,neutral,0.775702178478241,0.15074691,0.7757022,0.07355091
"a well-crafted, simple app",positive,positive,0.9442389011383057,0.0100177,0.04574342,0.9442389
it was okay at the start and got me focussed but my phone's screen timed out and locked and then my tree withered. please fix this,negative,neutral,0.8781436085700989,0.0427564,0.8781436,0.0791001
it's pretty useful!,positive,positive,0.9023071527481079,0.00622762,0.09146522,0.90230715
why can my friends get the bitmojis with two people but i can't? frustrated.,neutral,neutral,0.5557702779769897,0.389317,0.5557703,0.054912694
remove obscene quotes and gestures,negative,negative,0.6179160475730896,0.61791605,0.30361143,0.07847254
pretty good. app wish it let you face scan yourself.,positive,positive,0.9452945590019226,0.0059009814,0.048804443,0.94529456
very good but crashes often,neutral,neutral,0.5072566866874695,0.014206099,0.5072567,0.47853723
"lacking lens correction and blur features, otherwise i'd love it. please consider adding these, otherwise i'll have to use photo mate r <number> , cause while it doesn't have blur feature's it has great lens correction features so i can get my chromatic aberration effect : <number>",positive,neutral,0.82884281873703,0.024817547,0.8288428,0.1463396
the animation stopped working please fix!,negative,negative,0.9575394988059998,0.9575395,0.036112305,0.006348166
goood one no one can see images unless u do hd,positive,negative,0.5279304385185242,0.52793044,0.4329545,0.039115068
the app lags and consume lots of space.,negative,neutral,0.6609792709350586,0.2766908,0.6609793,0.062329903
"great app, using for an <url> but, could it be upgraded with the feature 'desktop mode' ?",positive,positive,0.909227192401886,0.0074775503,0.08329526,0.9092272
it was good before,neutral,neutral,0.7210449576377869,0.15507112,0.72104496,0.12388391
i like the old spark better it was more accurate cuz it told you exactly how many miles away the lightning was now you gotta zoom in on the map just to see in a round about ways of where the lightning <url>,neutral,positive,0.8813710808753967,0.0067873322,0.11184153,0.8813711
"i really like it, but for a while now it hasn't been making my tree die when i touch my phone. also, after completing a set amount of time there's another number underneath my tree. i can't figure out what this means.",positive,positive,0.807960033416748,0.011391178,0.18064876,0.80796003
annoying buttons below the chat text box.,neutral,neutral,0.8035188913345337,0.11087252,0.8035189,0.08560858
i like this app for esuy to watch movie,positive,positive,0.8835760354995728,0.011026808,0.10539713,0.88357604
"aaa please tell me why it doesnt show my cherry blossom <url> i just unlocked it with <number> coins, and i cant find it to grow it. arghh its frustrating.",neutral,negative,0.9113202095031738,0.9113202,0.078780465,0.009899299
needs to save where you last left off thats all it needs <number> stars when it updates,neutral,neutral,0.8233472108840942,0.08149757,0.8233472,0.095155194
the app draws the mobile addict in you and plays with his/her psyche.,positive,positive,0.8678523898124695,0.029062744,0.10308486,0.8678524
it is helpful for fast downloading,positive,positive,0.8920629024505615,0.0063896263,0.10154752,0.8920629
hard to access emojis/sticker,positive,negative,0.5803645253181458,0.5803645,0.39896756,0.020667924
why this app has become so big? earlier it used to be only <number> mbs now its <number> . please reduce the size. <signature>,neutral,neutral,0.6379584074020386,0.2777778,0.6379584,0.08426383
directions make no sense,negative,negative,0.6764786243438721,0.6764786,0.29749325,0.026028158
great app for photography but,neutral,positive,0.9246287941932678,0.008494708,0.06687652,0.9246288
why can't they fix these issues,neutral,neutral,0.6780318021774292,0.20538352,0.6780318,0.11658469
not working with whats app,negative,negative,0.9620032906532288,0.9620033,0.03300691,0.0049897954
you have to put the search option in the app,positive,neutral,0.5375810861587524,0.3072702,0.5375811,0.15514874
"its very usefull, also good <url> !!!",positive,positive,0.9312959313392639,0.007267785,0.061436318,0.93129593
"its good. but the problem is whenever i charge my phone, and the forest app has been running, the moment the charging the moment the tree died. and i do not get a single coin. lol is not my fault that the tree died, but what i got-o coins and a dead tree.",neutral,neutral,0.9005860686302185,0.024370832,0.90058607,0.07504304
tel me what to do,positive,neutral,0.5565203428268433,0.3325789,0.55652034,0.11090072
some websites say i don't have adobe even though i have this loaded.,neutral,neutral,0.730681836605072,0.19149691,0.73068184,0.07782132
it is easy to find your distination but there is always a less price,neutral,positive,0.5786579251289368,0.010865167,0.4104769,0.5786579
i havent many friends here,positive,negative,0.8820005059242249,0.8820005,0.10525134,0.012748109
"would like updates on the sun over a <number> hour loop, as well as wind maps, water temps. but one of the <signature>",positive,positive,0.9348315596580505,0.005460593,0.059707906,0.93483156
where are the local adjustments?,positive,neutral,0.7165150046348572,0.09101494,0.716515,0.1924701
very easy to <url>,neutral,positive,0.9319910407066345,0.008245647,0.059763286,0.93199104
easy to use very good deal.,positive,positive,0.9474375247955322,0.007496727,0.045065768,0.9474375
this app doesnt want to sign me up,neutral,negative,0.9724599719047546,0.97246,0.02288284,0.0046572266
always showing install even it has already installed,positive,neutral,0.46764320135116577,0.08567507,0.4676432,0.4466817
the zooming feature is slow and consequently difficult to use.,neutral,neutral,0.7650154232978821,0.19052914,0.7650154,0.044455487
great tool for on the go!,positive,positive,0.938846230506897,0.010075322,0.05107848,0.93884623
raw format not supported,neutral,neutral,0.8166351914405823,0.10351277,0.8166352,0.07985203
"it's a cool thing to have, but it won't sync up with the mozilla addon",positive,neutral,0.8694445490837097,0.018547151,0.86944455,0.112008356
great app but keeps crashing,neutral,neutral,0.6468953490257263,0.1953791,0.64689535,0.15772559
"bbm is good ,hate the adverts",positive,neutral,0.8177757859230042,0.04624633,0.8177758,0.13597795
how about a tablet ui?,neutral,neutral,0.8188562989234924,0.05153989,0.8188563,0.12960377
prefer the website more,neutral,neutral,0.7990323305130005,0.0638901,0.79903233,0.13707757
"good design. hope the plant real trees is a true story! also, why the highest ranking people are mostly asian? should expand your customers",positive,positive,0.8310421705245972,0.0078784805,0.16107933,0.8310422
"i am not disappointed, but pixlr is still a way better software.",neutral,neutral,0.859821617603302,0.047750834,0.8598216,0.0924275
"i love playing with bitmojis. the clothes in the personalization could use some updating, though. very little are things i'd ever actually wear. it would also be nice to add friends directly on the app to interact with their own bitmojis outside of snapchat.",positive,positive,0.9459312558174133,0.008123076,0.045945667,0.94593126
i love it. i just wish i could delete images that i find offensive and would never use.,positive,positive,0.9027824997901917,0.020917246,0.07630021,0.9027825
i think in the new update they let you color customize any hair style and let you put cuts in your eyebrows.,positive,positive,0.935971200466156,0.013758074,0.050270695,0.9359712
automatically resizes with no way to change!!,negative,negative,0.9665800333023071,0.96658003,0.027351836,0.0060681677
don't like the new update,positive,neutral,0.8732337355613708,0.0624856,0.87323374,0.0642807
i like my bbm now . <signature>,positive,positive,0.9386664628982544,0.0075943647,0.0537391,0.93866646
no more trees since update. just shrubs :'(,positive,neutral,0.6721851229667664,0.18678592,0.6721851,0.14102893
would not updated on my phone and i tried like <number> times,negative,neutral,0.848504900932312,0.06833643,0.8485049,0.0831587
"needs more body shapes and sizes, as well as face lines around nose/cheeks",positive,neutral,0.5686671137809753,0.015583183,0.5686671,0.41574967
took away floating head in txt,negative,negative,0.8676924109458923,0.8676924,0.11156992,0.020737633
stopped working on my phone since the last update. will bring rating up when the problem is fixed.,negative,negative,0.8138564229011536,0.8138564,0.16828361,0.017860023
works well. most of my pdf files require me to enter a username and password. this app will not allow me to. any chance of adding that?,neutral,neutral,0.8848727941513062,0.024889182,0.8848728,0.090238035
"it's <url> ,add select area <url> mean make selection by <url>",neutral,positive,0.5836636424064636,0.022896051,0.3934403,0.58366364
app doesn't always work. temp won't show in n status bar. doesn't keep track of moving locations,neutral,negative,0.49379876255989075,0.49379876,0.4791335,0.027067726
i hate this update,negative,negative,0.9704341888427734,0.9704342,0.024741625,0.0048241797
new updates are beyond worse,negative,negative,0.6560290455818176,0.65602905,0.2715184,0.072452575
where is wbug elite i paid for???,negative,negative,0.9582604169845581,0.9582604,0.034294613,0.0074449438
make the time lapse between editing each feature shorter,positive,neutral,0.7317579388618469,0.030020602,0.73175794,0.23822148
add one more feature,positive,positive,0.9219922423362732,0.008320435,0.06968739,0.92199224
the app was useful but avg virus scanner said it contains malware so i'm uninstalling to be safe,negative,neutral,0.8895388245582581,0.03515825,0.8895388,0.07530296
i couldn't open it.,negative,negative,0.9668029546737671,0.96680295,0.028015472,0.005181555
i think that uc is very nice,neutral,positive,0.7771382927894592,0.008828943,0.21403278,0.7771383
mis the original bbm,negative,neutral,0.46638786792755127,0.46063548,0.46638787,0.07297666
new ui tanks usability,negative,neutral,0.5755144953727722,0.052410092,0.5755145,0.3720754
this app is so good,positive,neutral,0.5573752522468567,0.053706087,0.55737525,0.38891867
doesn't work on my htc droid eris!! can't open pdf attached emails. uninstalling!!,negative,negative,0.9713758826255798,0.9713759,0.024152165,0.004471995
it's very good app for android mobile s,positive,positive,0.9233834147453308,0.0070934948,0.06952305,0.9233834
temp is all wrong,neutral,negative,0.9540024995803833,0.9540025,0.039437417,0.0065600895
id's easy to use and very helpful,positive,positive,0.9436153173446655,0.0074780844,0.048906635,0.9436153
"it seems everytime we're about to get severe weather, the app stops working. radar doesn't work, storm tracking doesn't <url> most critical time for something to work is during or before a storm, such as we're supposed to get today. this app works great on bright, sunny <url> 't depend on it if a storm is brewing though. it will quit working on you.",neutral,neutral,0.6272615790367126,0.32070783,0.6272616,0.05203058
i guess its just the world i live in???,negative,neutral,0.7275297045707703,0.053378694,0.7275297,0.21909168
just an idea. when editing/creating my bitmoji i think it'd be neat to have the option to mix and match parts of different outfits together or even change colours of parts.,positive,positive,0.9086204767227173,0.0079425275,0.08343695,0.9086205
app is good. no weather forecast is <url> very vague predictions.,positive,neutral,0.8520647287368774,0.035487644,0.8520647,0.112447634
cannot attach pictures to reviews,neutral,neutral,0.7223806977272034,0.22326905,0.7223807,0.054350287
great weather app! easy to use and quick to load. only wish it was easy to find a forecast video on it.,positive,positive,0.94830721616745,0.0073918076,0.044300996,0.9483072
issue on local wifi,neutral,neutral,0.5851643085479736,0.33421084,0.5851643,0.08062491
i dont like this app,negative,negative,0.9101082682609558,0.91010827,0.08032508,0.009566626
on the right track,positive,neutral,0.5507153272628784,0.047989074,0.5507153,0.40129566
best app for browsing,positive,positive,0.9374216794967651,0.006849355,0.055728957,0.9374217
needs a dark mode for the notification bar. hate the bright white glaring at me.,positive,neutral,0.8890047669410706,0.049107116,0.88900477,0.06188816
"good app, but it doesn't support gif in android",positive,neutral,0.899028480052948,0.025075523,0.8990285,0.07589601
<salutation> i tried to sign in and i gave my email and password and from u a email also came but what next to <url> tried to click check again and continue but nothing happened,positive,negative,0.7864950895309448,0.7864951,0.18778513,0.025719766
been using for several months now as a communication tool for various members of a nonprofit organization. it's only downfall that i can see are the occasional missed update alert and that there is no notification badge on the icon.,positive,positive,0.8226398825645447,0.021166975,0.15619308,0.8226399
works for what i need,positive,positive,0.9235069751739502,0.015894711,0.06059837,0.923507
it's saying it's not up to date so i can't view my file. -htc evo,neutral,negative,0.8838408589363098,0.88384086,0.10352918,0.012629997
when you know how to use it it's pretty fun and useful same with adobe photoshop touch i have a ton of fun with that but you just have to know how to use it or it will not be fun that's why people are reading it for star i read it <number> stars i love it but only because i know how to use it,positive,positive,0.8056145310401917,0.014831437,0.17955408,0.80561453
best app ever ( my opinion),negative,positive,0.9383948445320129,0.017086472,0.044518728,0.93839484
doesn't tie your account to gmail - so every new phone (or reflash) you have to retype <url>,negative,negative,0.9602664113044739,0.9602664,0.034972355,0.004761222
great application for team collaboration,positive,positive,0.9403135776519775,0.015582571,0.04410381,0.9403136
"crash easily,make my phone <url> its a great <url> u!",positive,positive,0.4851180613040924,0.04070592,0.47417602,0.48511806
the menu bar above keyboard is annoying,positive,neutral,0.7319860458374023,0.19642611,0.73198605,0.07158778
it's an essential tool.,positive,positive,0.9328582882881165,0.008868862,0.058272816,0.9328583
this bbm doesnt work properly with the samsung notebook <number> . it is always showing limited bbm access. pls fix this,neutral,negative,0.9487795829772949,0.9487796,0.04538387,0.005836632
"unless i open the app, i get no notifications even when my name is mentioned",negative,negative,0.860826849937439,0.86082685,0.123707965,0.01546512
it's good app but need more apps related chat process,positive,neutral,0.5760967135429382,0.011991884,0.5760967,0.41191143
"doesn't open all pdfs. i do a lot of work dealing with architectural plans. this does not render all of the pdfs (some open fine, others open blank).",negative,negative,0.6952928304672241,0.69529283,0.2852625,0.019444639
quick way to book a motel when you need too,neutral,neutral,0.6368135213851929,0.028718669,0.6368135,0.33446777
can get out of the app by home button and use your <url> timer runs in the <url>,neutral,neutral,0.7259362936019897,0.14249007,0.7259363,0.13157363
"honestly a joke compared to the desktop version of lightroom. i have one of the most powerful phones in existence and this app can't even scroll without lagging. i reinstalled today, <number> months later to find not only has nothing changed but my trial has expired and i now need to pay to use a laggy gimped version of software i already own.",negative,neutral,0.7267100811004639,0.0908822,0.7267101,0.18240774
better for <url> !!!! you will try <url> !!!!,neutral,neutral,0.7029311060905457,0.1628342,0.7029311,0.13423465
backup feature was awesome,positive,positive,0.6439700722694397,0.086817995,0.2692119,0.6439701
amazing to use this one like superb,positive,positive,0.9380576014518738,0.014200506,0.0477419,0.9380576
i can't post on any website.,neutral,negative,0.9035834670066833,0.90358347,0.08774229,0.008674173
want some other features,neutral,neutral,0.7660784721374512,0.030704156,0.7660785,0.20321745
this app is not user friendly,neutral,negative,0.9316677451133728,0.93166775,0.061303318,0.0070288414
force closes <number> / <number> !,negative,negative,0.957714319229126,0.9577143,0.034804564,0.0074811047
what a waste of this apps effort the image meta data are always show false info when export image to gallery,negative,negative,0.95367431640625,0.9536743,0.04051983,0.0058058915
it's a nic app n helpful <url>,positive,positive,0.7610178589820862,0.010489219,0.22849289,0.76101786
how to change time ??,neutral,neutral,0.6126904487609863,0.22578494,0.61269045,0.16152462
it's ok but this new version is not so impressive,neutral,neutral,0.8813178539276123,0.019426616,0.88131785,0.09925559
this is a good movie downloader,positive,positive,0.8945684432983398,0.008488071,0.09694353,0.89456844
want my old avatar can't find it,negative,neutral,0.7122486233711243,0.09617375,0.7122486,0.1915776
best of pdf file app,positive,positive,0.943989634513855,0.010230736,0.04577969,0.94398963
i would have gave <number> stars if y'all had more cute outfits for the girls to wear that is seasonal appropriate,positive,positive,0.9326879978179932,0.00889798,0.058413975,0.932688
was ok but i can easily use other apps when i press home,negative,neutral,0.8931252956390381,0.026792474,0.8931253,0.080082186
"useless. can't log in using the app at all. deleted and reinstalled several times, still no luck.",negative,negative,0.9713504910469055,0.9713505,0.023187786,0.0054617357
"easy to use, but if i plant a tree to grow and then leave the app it doesn't die. don't know if that's a bug in the app, but knowibg it won't die once i exit the app gives me no reason to stay focused",positive,neutral,0.8589620590209961,0.031177398,0.85896206,0.10986051
cuts down on paper usage.,positive,neutral,0.5439493060112,0.39233497,0.5439493,0.06371569
<salutation> then dropped it. and now the radar animation doesn't work.,negative,negative,0.9700965285301208,0.9700965,0.02499746,0.004905934
"good idea, but too slow on android. much better on desktop.",negative,neutral,0.9001532196998596,0.033131197,0.9001532,0.06671551
"like everything about it, except that the radar animation is a little clunky.",positive,positive,0.6521723866462708,0.012206147,0.33562145,0.6521724
it's the king when it comes on downloading from internet i really appreciate it,positive,positive,0.834843099117279,0.020202462,0.14495438,0.8348431
"i'm using uc browser from many years and its was amazing but from the last update i got, it get <url> everytime i open new site, it shows an error everytime. please fix this.",neutral,negative,0.503684937953949,0.50368494,0.4420839,0.05423117
cant install this app on my s <number> . error cant install in default location,negative,negative,0.9695971012115479,0.9695971,0.026110841,0.0042919605
needs to include precipitation estimates,neutral,neutral,0.8736592531204224,0.039767835,0.87365925,0.08657289
new version is a step back,negative,neutral,0.49397382140159607,0.15397055,0.49397382,0.35205564
great but watch little bug,neutral,positive,0.9305652379989624,0.0072738966,0.062160928,0.93056524
i love this app.,positive,negative,0.5223720669746399,0.52237207,0.27500334,0.20262462
"love the idea, and as long as i didn't touch my phone notifications and such didn't ruin my progress. however if i try to exit out of the app (to use whitelisted apps like my calculator) then it 'killed' my trees.",neutral,neutral,0.6914969682693481,0.041283492,0.69149697,0.26721948
"my mom found this before i did! i'm <number> and even i like it. lol great for all ages. you can make it look just like you to every detail, many clothes and accessory choices, and when you want to send a text to somebody they basically have everything you might want to say to somebody in a text or to reply back to somebody in a text message. plus cute little emojis of yourself doing things.",positive,positive,0.9322720170021057,0.015720654,0.052007366,0.932272
ads ads ads everywhere,neutral,negative,0.8995922803878784,0.8995923,0.08808046,0.012327276
has gotten a bit better since last review. i really like the lightning strike display. helps me with my lightning photos,neutral,positive,0.9461247324943542,0.007588411,0.046286814,0.94612473
i really enjoy it,positive,positive,0.9102888107299805,0.013854126,0.07585711,0.9102888
i rely on accurate radar as i work outside everyday on a golf course. the daily and the hourly forecast constantly contradict each other though now and it's hard to figure out what the actual weather will be so i can only really rely on radar.,positive,positive,0.5671767592430115,0.022799289,0.410024,0.56717676
"i enjoyed it, but the app deleted all of my purchases, such as trees and sounds",neutral,positive,0.7074472308158875,0.020275429,0.27227727,0.70744723
so far it's good,positive,neutral,0.5407028794288635,0.011502782,0.5407029,0.4477944
would like some custom messages when trees are planted,positive,positive,0.918304443359375,0.006416954,0.07527861,0.91830444
used to be good,negative,negative,0.8760067224502563,0.8760067,0.10855528,0.015438021
make category select bradcast message!,neutral,positive,0.7297174334526062,0.029063756,0.24121882,0.72971743
causes allot of problems will change dates etc when making a booking. prob better off staying with web page.,negative,neutral,0.8254553079605103,0.08330826,0.8254553,0.09123639
reflow feature quirky. can't somehow help feeling suspicious it is bugridden inside.,negative,neutral,0.8636811971664429,0.058196902,0.8636812,0.07812198
i don't <url> i can't understand this appp,neutral,negative,0.8028296232223511,0.8028296,0.1821093,0.015061051
crashes on galaxy s,negative,negative,0.8754773736000061,0.8754774,0.1025496,0.021972975
force closes all the time. from a company with a good to great rep. i had expected better,negative,negative,0.5339203476905823,0.53392035,0.3876103,0.07846934
great <url> ruined with ads,neutral,negative,0.8348988890647888,0.8348989,0.12990382,0.035197295
worst experience at hotel,negative,negative,0.9710707068443298,0.9710707,0.023848856,0.005080383
heating and battery problem,neutral,neutral,0.6246665120124817,0.31292865,0.6246665,0.062404808
fed up with advertisements. oh my gosh. cannot tolerate this application anymore,negative,negative,0.9554960131645203,0.955496,0.03874248,0.005761479
this is the fastest app searching mode,positive,positive,0.8559426069259644,0.013314799,0.1307426,0.8559426
"nice app for managing ongoing projects, teams, groups.",positive,positive,0.9486070275306702,0.008444281,0.042948645,0.948607
is not allways up to date with current weather.,positive,neutral,0.8423430323600769,0.07228138,0.84234303,0.08537553
realy superrrr <url> saver app,positive,positive,0.8664157390594482,0.017551655,0.11603254,0.86641574
<number> day trial? and then creative cloud?,negative,negative,0.9583662152290344,0.9583662,0.033874594,0.0077592097
the print button keeps shutting itself down,positive,negative,0.5917677879333496,0.5917678,0.36056668,0.047665544
average performance in download,neutral,neutral,0.8523597717285156,0.069131576,0.8523598,0.078508645
animation on radar stopped,negative,negative,0.9713672399520874,0.97136724,0.023965677,0.0046670088
"so far so good. surfing is made enjoyably interesting, thumb ups.",positive,positive,0.9411023259162903,0.0076572904,0.051240314,0.9411023
bbm sucks on my galaxy s <number> mini .,negative,negative,0.9591702818870544,0.9591703,0.034999054,0.0058306474
what did i download?,negative,negative,0.9229498505592346,0.92294985,0.06638791,0.010662233
my favourite editing apl,positive,positive,0.9361919164657593,0.012183414,0.051624674,0.9361919
so easy to use and appropriate advice,positive,positive,0.9451620578765869,0.010143029,0.044694968,0.94516206
doesn't work properly.,negative,negative,0.9647166728973389,0.9647167,0.030192262,0.005091098
"generally good, sometimes price filter doesn't work well.",positive,positive,0.5646011829376221,0.010306763,0.42509204,0.5646012
love this app pretty accurate,positive,positive,0.936983585357666,0.015756128,0.047260325,0.9369836
as much as <number> degrees off!,negative,negative,0.47718387842178345,0.47718388,0.44990358,0.072912596
used to be good,negative,negative,0.8760067224502563,0.8760067,0.10855523,0.015438015
"this app helps me be productive, but since the update, i can't plant the trees i had previously bought.",positive,positive,0.523220419883728,0.013983231,0.46279636,0.5232204
dell streak:force close sometimes. blank pages sometimes. need bookmark feature and ability to continue from last read page.,neutral,neutral,0.7096430063247681,0.23809038,0.709643,0.052266523
"if your in a hurry, i'd recomed calling, it takes a wile to fill out the information.",neutral,neutral,0.8176345229148865,0.06625614,0.8176345,0.11610938
good but not good as web version,positive,neutral,0.9009242057800293,0.046039153,0.9009242,0.053036634
problems working over wi-fi,negative,neutral,0.6015350818634033,0.35628927,0.6015351,0.042175632
it's ads all the way,negative,neutral,0.7359219789505005,0.10776417,0.735922,0.15631391
no password support <url>,negative,negative,0.8177794814109802,0.8177795,0.16618262,0.016037855
"good, but not perfect",neutral,neutral,0.8649516105651855,0.020065587,0.8649516,0.11498276
i wish it would work offline,positive,neutral,0.5521916151046753,0.022413464,0.5521916,0.42539486
cloud based apps do not work for me. with pathetic network services in our region it becomes frustrating to use. pity. will have to uninstall,negative,negative,0.9678442478179932,0.96784425,0.027355565,0.004800237
"so disappointed with this app! why would you delete an entire account without any warnings? see i'm not mad that you deleted my account because i had iran's ip address, i'm mad because you didn't even bothered to give me a chance to take back up of my files! do you understand how unprofessional this is? so disappointed!",negative,negative,0.9669040441513062,0.96690404,0.028245464,0.004850568
this app is good,positive,positive,0.8403794765472412,0.01294184,0.14667872,0.8403795
"slow, laggy performance. thinkfree office opens my pdfs and allows smooth transitions and zooming.",negative,neutral,0.8450667858123779,0.08289138,0.8450668,0.072041824
since the update the radar doesn't work <url>,negative,negative,0.9630106091499329,0.9630106,0.0316122,0.0053771734
"like the app, but could you please remove the external storage permission when i want to take a picture? i don't like granting apps dangerous permissions and i know you don't need it if you use the file provider api. <signature>",negative,positive,0.6791239976882935,0.014097336,0.30677867,0.679124
there is no print option i can find.,neutral,neutral,0.7607955932617188,0.18593344,0.7607956,0.053270977
<url> the picture size on bbm group is too small sometime not clear. also incoming bbm call is not detected or not showed in galaxy gear s <number>,positive,neutral,0.8152993321418762,0.11877614,0.81529933,0.06592452
got stuck on trying to confirm my booking and i lost the accommodation. after that force crash. uninstall. htc desire,negative,negative,0.9701451063156128,0.9701451,0.02481723,0.0050375937
please fix the radar,negative,neutral,0.518058717250824,0.39777967,0.5180587,0.08416159
"good adjustment, bad storage",neutral,neutral,0.862808108329773,0.039504603,0.8628081,0.097687185
coming from adobe this is absolute garbage. fails to open pdf files. it was only <number> kb. garbage.,negative,negative,0.972850501537323,0.9728505,0.022694763,0.004454727
after i updated the new bbm version always getting <url> sometime the messages pending without ceklis my friend send in the morning but the messages coming after <number> or <number> hour <url> i saw on the messages the time when he send me a messages and this made my planning <url> should i didn't upgraded <url>,negative,neutral,0.7609897255897522,0.13844256,0.7609897,0.1005677
new update ruined the app,negative,negative,0.9676534533500671,0.96765345,0.027035128,0.0053114486
a widget would be nice,positive,neutral,0.8134921193122864,0.023147332,0.8134921,0.1633605
there are ads now?,neutral,neutral,0.4689560532569885,0.4184838,0.46895605,0.11256021
difficult when on vacation,positive,neutral,0.8757174611091614,0.053431693,0.87571746,0.07085084
notifications are bonkers. (will give <number> once fixed),negative,neutral,0.7926303744316101,0.101396814,0.7926304,0.10597277
can't add new locations,neutral,neutral,0.7988429069519043,0.044387504,0.7988429,0.15676953
nice tool for inter-team communication,positive,positive,0.944890022277832,0.008333453,0.046776526,0.94489
it's download video very fast and all other thing,positive,positive,0.9331560134887695,0.009590432,0.05725351,0.933156
"veru useful app only when used with its <number> rd-party integrations, yet flock is much better alternative for having more free features.",positive,neutral,0.7049925327301025,0.025751969,0.70499253,0.26925555
doesn't <url> i'll go on other apps and the tree still <url> little i inventive to actually stay off the phone,negative,negative,0.9062047600746155,0.90620476,0.085432485,0.008362756
"when ever i update app,it won't work and i lost my all data many times",negative,negative,0.9597976207733154,0.9597976,0.035006274,0.0051961658
doesn't work much! where's the <number> version???,negative,negative,0.956392765045166,0.95639277,0.03866309,0.004944211
nice app fast downloading,positive,positive,0.940269947052002,0.006434912,0.0532951,0.94026995
"the app is great, it's fun and helpful, tho when you click the home button, it doesn't die. you could fix that",positive,positive,0.778647243976593,0.010850806,0.21050192,0.77864724
"easy to use, always <url> when you book thrue them, they will charge you too much.",neutral,positive,0.7816900014877319,0.014250396,0.20405957,0.78169
there is no jump to page option so you have to flip through every single page! its a big waste of time.,negative,negative,0.9619312286376953,0.9619312,0.03294607,0.005122717
great and easy to use,positive,positive,0.9428439736366272,0.010255381,0.046900656,0.942844
"cloud subscription, no <signature>",negative,negative,0.9469705820083618,0.9469706,0.045964353,0.0070650796
great app to focus!,positive,positive,0.9301075339317322,0.016992338,0.052900203,0.93010753
pay when you arrive. err no,neutral,negative,0.9539393782615662,0.9539394,0.039146874,0.006913705
great apps for great team,positive,positive,0.9386681914329529,0.015552291,0.04577953,0.9386682
i like the appl because it connect me to a lot of people in my office,positive,positive,0.9337142109870911,0.006631676,0.059654105,0.9337142
can't open my bbm after updated,negative,negative,0.9618669152259827,0.9618669,0.033430118,0.0047028703
cannot use for flash <url>,neutral,neutral,0.574274480342865,0.38922483,0.5742745,0.036500666
won't work with my text messages and have to start a new conversation to use it in messenger,neutral,negative,0.9546818733215332,0.9546819,0.039838064,0.0054800645
it crashes every time,positive,negative,0.8864316940307617,0.8864317,0.09776571,0.015802639
great app for group family communication across multiple types of devices and countries,positive,positive,0.9432622790336609,0.014349486,0.042388204,0.9432623
it was great radar sucks now,negative,negative,0.9702553153038025,0.9702553,0.025132777,0.0046120053
missing a tablet version,neutral,neutral,0.7810889482498169,0.11450199,0.78108895,0.10440907
the browser is used very fast connecting browser,positive,positive,0.5654392838478088,0.037540913,0.3970198,0.5654393
i want a etc wallet that's all i want to invest <url>,negative,positive,0.7877881526947021,0.037526485,0.17468539,0.78778815
not so much but good,positive,neutral,0.8862298727035522,0.024420738,0.8862299,0.08934948
well the app is kinda <url>,positive,neutral,0.5861150026321411,0.038981393,0.586115,0.3749036
the program is very slow and can be unresponsive. there is no bookmake setting. pages take a very long time to load even when zooming in and out.,negative,neutral,0.7964262366294861,0.16480632,0.79642624,0.038767472
totally invasive and inappropriate for development. it kept people talking for every detail for hours. kill innovation and efficiency. cannot replace skype so another chat cheater. a waist of time in communication. one good point if you can make your competitors to use it. they will collapse.,negative,negative,0.8853509426116943,0.88535094,0.09909086,0.015558187
i love it. but i think it would be better to add angle correction as well is needed sometimes and i don't like having to use other apps to do this.,neutral,positive,0.939525306224823,0.008377176,0.05209754,0.9395253
the emoticon not <url> :'(,neutral,neutral,0.7999401688575745,0.10995932,0.79994017,0.090100534
good app. had full version but they took it away. would like it back. radar not working. layers are not working. must be a weather bug.,neutral,neutral,0.7778659462928772,0.17611194,0.77786595,0.046022147
can't import my booking? what's the point of getting this app? anyone?,negative,negative,0.9714105725288391,0.9714106,0.023949027,0.004640419
"the app sometimes gets stuck on a certain temperature and you have to actually click on the app to get the correct temperature to pop up, but at least with this app i can actually get the <number> -day and hourly forecast pages to load which is something i can't get with accuweather. so i guess what i'm saying is it's probably the <signature>",positive,neutral,0.7961065173149109,0.029726423,0.7961065,0.17416702
"great, but occasionally crashes",positive,positive,0.7654799222946167,0.014273016,0.22024707,0.7654799
"crap, takes ages to loads and lags on all docs, standard pdf viewer much better",negative,negative,0.9642072916030884,0.9642073,0.03054291,0.005249911
it stops working frequently,neutral,negative,0.6520041227340698,0.6520041,0.32020617,0.027789738
like it more than most weather apps i've tried. would recommend!,positive,positive,0.9367705583572388,0.0053520356,0.057877462,0.93677056
stupid trees. too much green. too cute. memory hog. deleted it.,negative,negative,0.9701913595199585,0.97019136,0.024900408,0.004908257
plz add readout loud feature in application,positive,positive,0.802264392375946,0.01872374,0.17901184,0.8022644
"give error, stuck onopening",negative,negative,0.9154033660888672,0.91540337,0.07454124,0.010055416
the radar map only shows past not current,neutral,negative,0.7942367792129517,0.7942368,0.18568212,0.020081103
"the worst, the most bugged app that i've ever seen in my life! always crashing for no reason!",negative,negative,0.9709020256996155,0.970902,0.023450676,0.0056473403
this does not work with my phone i exited the app for ages and my tree still grew.,negative,negative,0.968204915523529,0.9682049,0.02710676,0.004688271
the application is too slow. sometimes it just wont select the options.,neutral,neutral,0.8435370922088623,0.1052074,0.8435371,0.051255465
useless doesn't open email attachments on lg optimus,negative,negative,0.9718692898750305,0.9718693,0.023527436,0.0046032555
its a very good app,positive,positive,0.9213237166404724,0.006775825,0.071900494,0.9213237
good up to date service,neutral,positive,0.9358105063438416,0.005767659,0.058421835,0.9358105
luv it but u should allow us <number> make more than one character then i'll give u <number>  's,neutral,neutral,0.8012093901634216,0.019664133,0.8012094,0.1791265
"app does what it has to do, but would it be possible to implement a harder way to cancel the growth of your tree? now it takes about <number> seconds. you could make another cancel button which you have to press for <number> minute without releasing it to unlock your phone. gives you time to think if you really need to unlock it. <signature>",neutral,neutral,0.7486708760261536,0.025910467,0.7486709,0.22541864
need full raw hdr for lg v <number> !!!,neutral,neutral,0.8434044718742371,0.056427278,0.8434045,0.100168265
it wont even let me log in!!!,negative,negative,0.9698545932769775,0.9698546,0.02436946,0.0057759597
wouldn't search any locations.,negative,negative,0.9533542394638062,0.95335424,0.040355787,0.0062899836
new version is not intuitive.,negative,neutral,0.7887962460517883,0.10972944,0.78879625,0.10147439
image previews don't work,positive,negative,0.8694474101066589,0.8694474,0.11720404,0.013348516
"its great, just too many ads",positive,neutral,0.7104851007461548,0.11964391,0.7104851,0.16987099
radar has stopped working,negative,negative,0.9695815443992615,0.96958154,0.025131373,0.0052871634
has been treating me well for years,positive,positive,0.7417652010917664,0.05393132,0.20430346,0.7417652
animated radar not working,negative,negative,0.9684031009674072,0.9684031,0.026381897,0.0052150134
problems with internet connection s <number> edge,neutral,neutral,0.7120567560195923,0.22281052,0.71205676,0.06513274
"another login and account needed, mediocre editing",negative,neutral,0.5747801065444946,0.3832871,0.5747801,0.041932724
i need a tab for news language i don't want it to be default for the place i live in my native language may be different. please look into it,positive,positive,0.5252745151519775,0.02379158,0.45093384,0.5252745
"idea is nice, <url>",neutral,neutral,0.8096421360969543,0.021448664,0.80964214,0.16890927
useless and hang in itself,negative,negative,0.9705590605735779,0.97055906,0.024102315,0.005338558
lagging on nvidia shield tablet,neutral,neutral,0.7525141835212708,0.1934814,0.7525142,0.054004434
less taps &gt; more taps is not always true! this update clutters up the mobile app and looks horrible! bring back the drop down menu.,positive,negative,0.9449254870414734,0.9449255,0.047684755,0.0073897713
great mobile app for a great platform,positive,positive,0.9377317428588867,0.015842434,0.046425797,0.93773174
easiest way to keep all my accommodation details with me when i travel.,positive,positive,0.9371930360794067,0.00552635,0.057280622,0.93719304
"there is no way to search or jump to the pages i want. so, in a <number> page document, i have to page down until i get to where i want. very poor!",neutral,negative,0.9705758094787598,0.9705758,0.024405634,0.005018509
crashes on z <number> compact,neutral,neutral,0.8283789157867432,0.09772108,0.8283789,0.07390002
"can't delete any of the pdf files! someone ,help mytouch <number> g",neutral,neutral,0.7416329979896545,0.08632298,0.741633,0.17204395
somethings wrong with this app,positive,negative,0.9380606412887573,0.93806064,0.053682636,0.008256744
well organized app. offers better deals than the hotel itself.,positive,positive,0.936090886592865,0.01064884,0.05326031,0.9360909
faster than other app,positive,positive,0.7609997987747192,0.013051593,0.22594865,0.7609998
"decent, but needs ability to define custom notification sound. the built-in ones are too quiet and the 'device default' is too general.",positive,neutral,0.8126593828201294,0.01655917,0.8126594,0.17078146
"if you have difficulties staying focussed, then this is definitely the app for you. as trivial as it sounds, there's a real sense of satisfaction in seeing your forest grow the more time you log. the only thing i would say which could be added is social email support or facebook integration, which i believe is already a feature on the ios version. some of my friends are using it too, and seeing their forests grow (perhaps even on some kind of map next to mine?) would add an element of healthy competition!",positive,positive,0.801541805267334,0.015154316,0.1833039,0.8015418
would be better with out ads,positive,neutral,0.8294253945350647,0.0235601,0.8294254,0.14701453
<number> star 'coz why we have to request hd quality picture first? oh <url> nobody need bad quality picture. washing <url> another chat app more better !!,neutral,neutral,0.637911319732666,0.22288655,0.6379113,0.13920207
"my screen goes off, but when i unlock my phone, my tree dies. makes the app pointless as it forces me to keep the screen on which is distracting. great concept though.",neutral,neutral,0.8155294060707092,0.105061516,0.8155294,0.07940912
it will be better if the apps allow users to listen music while studying or doing their things,positive,neutral,0.67763352394104,0.01589865,0.6776335,0.3064678
the app is free on android but why can't i use my new unlocked tree?!,negative,neutral,0.7129244208335876,0.19708954,0.7129244,0.08998604
"not ideal, but better than a few other ""freeware"" options there with lots of adds or crappy ui.",positive,neutral,0.8574066758155823,0.02021841,0.8574067,0.12237488
add break or pause option plz,positive,positive,0.8139048218727112,0.009443459,0.17665169,0.8139048
good effort <url> try to send correct notification of the news or story.,positive,positive,0.8792183995246887,0.0066934847,0.11408809,0.8792184
doesn't work keeps saying bad internet connection but all other apps work.,negative,negative,0.9055540561676025,0.90555406,0.08534539,0.009100559
did not install this app. all i did was update my phone and it was there and i can delete it! very annoying!!!,negative,negative,0.9708331227302551,0.9708331,0.024745561,0.0044213426
last updates causing problems.,neutral,neutral,0.659986138343811,0.26614675,0.65998614,0.07386713
"stupid app many many ads ,don't download this app",negative,negative,0.9726807475090027,0.97268075,0.022559743,0.004759466
too much buz for nothing so special.,negative,neutral,0.7767935395240784,0.1342915,0.77679354,0.08891499
simple but effective app to end smartphone addiction,positive,positive,0.919826328754425,0.0070271273,0.07314653,0.9198263
technology at its <signature>,positive,positive,0.9057393074035645,0.017750757,0.0765099,0.9057393
"editing is all about precision, of which this isn't good at. trying to crop is like throwing stones at a picture frame on a wall and hoping it sticks. when you get it you accidently press another button and all the work is <url> still needs some refining",neutral,neutral,0.8740107417106628,0.040683728,0.87401074,0.085305534
used to love <url>,neutral,negative,0.8730664253234863,0.8730664,0.11176383,0.015169709
bbm is really gud,positive,neutral,0.6493671536445618,0.17875145,0.64936715,0.17188136
still a good app,neutral,positive,0.6641924977302551,0.013360556,0.32244694,0.6641925
"looks nice but the live radar always zooms in to close, i like to see the entire area around my location.",positive,positive,0.8805018663406372,0.0059627756,0.11353541,0.88050187
creeping permissions. no <signature>,negative,negative,0.9538317918777466,0.9538318,0.038670927,0.007497261
don't expect to be productive on the tube,negative,negative,0.5239213705062866,0.5239214,0.44515154,0.030927079
huge apo. does not have move to sd card. standard reader v. good. uninstalling.,negative,negative,0.9584484100341797,0.9584484,0.035602614,0.005948916
too many push and price not clear,neutral,neutral,0.6335118412971497,0.3064272,0.63351184,0.060060892
great app but updated the app but the bug is still there where the animation plays without accessing the app so you have to tap screen to gain access to home screen. that bug has been there forever please fix!,neutral,positive,0.7709705233573914,0.016960446,0.21206908,0.7709705
like it but need better notification settings,positive,positive,0.5068959593772888,0.013482554,0.47962144,0.50689596
being a motorcycling enthusiast i like to know where the rain is and what direction it's heading.,positive,positive,0.917325496673584,0.013859301,0.068815194,0.9173255
radar no longer works,negative,negative,0.9689735174179077,0.9689735,0.02499756,0.006028945
why i cannot play my download video?,neutral,negative,0.5393140316009521,0.53931403,0.41254038,0.048145562
as an alternative in contacting people,positive,positive,0.73196941614151,0.018879283,0.24915129,0.7319694
crashes all the time tells you there is no memory even on sd card. won't let you use if you decline push notifications,negative,negative,0.8677427768707275,0.8677428,0.12209072,0.010166636
what's the point?,negative,negative,0.9541605114936829,0.9541605,0.038600903,0.0072385906
"i used to really love this browser but now it's just annoying .when i download files sometimes it tells me ""file doesn't exist"" and i have to redownload ,plus it lags .",negative,neutral,0.7515437602996826,0.18785137,0.75154376,0.060604904
its good but i think it should add like fortnite emojis or other characters,positive,positive,0.606270968914032,0.009126105,0.3846029,0.60627097
its good but now a days it slow,neutral,neutral,0.7424802780151367,0.017213598,0.7424803,0.24030615
"the emojis you can make out of it are great! however, it would be nice to implement the character doing different kinds of sports. also the app didn't have my face shape, hairstyle, and the mouth was too big for me. basically i had to go with what i could find that looked the most like me, and a bunch of people still thought that the bitmoji looked nothing like me. something else i'd like to add is that maybe for the female character, put some outfits that are t-shirts and moderate shorts, not just short shorts. i couldn't find my usual attire because of that. overall, my bitmoji only looks a bit like me so if you guys can change the face, costumes, and facial features to let more people have an accurate character, it'd be great. <signature>",positive,positive,0.8971989154815674,0.007944535,0.09485653,0.8971989
throw this app to garbage,negative,negative,0.9712544083595276,0.9712544,0.023807723,0.004937868
very nice and helpful <url> luving <url>,positive,positive,0.9213789701461792,0.0062013804,0.07241971,0.92137897
it will be better if there will be option to archive a chat,positive,neutral,0.7219077944755554,0.016192771,0.7219078,0.26189947
requesting to build a bigger forest!,positive,neutral,0.44846242666244507,0.42058864,0.44846243,0.13094893
stop the stupid ads,negative,negative,0.9393237233161926,0.9393237,0.051191483,0.009484793
spark lightening no longer working,neutral,negative,0.96155846118927,0.96155846,0.032466743,0.005974778
"slowly slowly you are making it worst app but it's your app you can do anything after all you are communist. see i don't like your inbuilt pdf viewer,video viewer app so allow user to use apps like adobe pdf reader and mx <url> and the new problem is the facebook video is not working <url> earlier i have given <number> star rating but now you are decreasing quality <url>",negative,negative,0.8209536671638489,0.82095367,0.15675402,0.022292307
doesn't export my photos most of the time,neutral,neutral,0.5456472039222717,0.41701108,0.5456472,0.037341714
still need to improve,positive,neutral,0.6956824660301208,0.065212116,0.69568247,0.23910543
no philippine peso currency?,neutral,negative,0.7691134214401245,0.7691134,0.2102723,0.020614317
"i downloaded this app specifically to merge photos together on my backpacking adventures whilst eliminating the need for a laptop. sadly, it does not have the function to merge photos for panoramic or hdr.",neutral,neutral,0.5670943260192871,0.38349056,0.5670943,0.049415085
"pretty effective but i just noticed it doesn't pick up the usage of one of my most distracting apps (bacon reader for reddit). i was on it and thought oh no my tree! opened up to find it wasn't triggered. double checked my white list etc, everything was proper. if it doesn't block that it becomes pretty useless in my eyes",positive,neutral,0.8154785633087158,0.03990091,0.81547856,0.14462045
"awesome app. it would be sooo useful to have one button access to the lastest posts accross all channels and all workgroups, i find im spending much time digging around for the latest posts.",positive,positive,0.9100735783576965,0.009862264,0.08006414,0.9100736
its good and so easy to use,positive,positive,0.934601366519928,0.005741484,0.05965716,0.93460137
this isn't as good as it's siblings,negative,neutral,0.867425799369812,0.08326585,0.8674258,0.049308393
app is good service,neutral,positive,0.6617034673690796,0.017041305,0.32125518,0.66170347
app thinks i am a man :'),negative,neutral,0.6778197884559631,0.16730978,0.6778198,0.1548704
will not work correctly. i tryed to set the map in motion and it will not move!,negative,negative,0.9641507267951965,0.9641507,0.030137358,0.0057117934
super cute but kind of difficult to use on the spot.,positive,positive,0.49368855357170105,0.015577324,0.4907342,0.49368855
"nice, but couldn't find night mode.",positive,neutral,0.8024598360061646,0.0160708,0.80245984,0.18146934
"insanely unreliable - wont let me accept invites to other workspaces nor will this application even show me the invite - login inconsistency, i can auto-login with the app but when i type my password in non-app login screens it wont work. its the same password i use for other applications and i successfully login each time.",negative,negative,0.9667907953262329,0.9667908,0.02874318,0.004465904
cant search without creating an account! they need your email so the can sell it to spammers! unistall!,negative,negative,0.9718082547187805,0.97180825,0.023473646,0.004717993
only good not <signature>,neutral,neutral,0.7749082446098328,0.042084344,0.77490824,0.18300742
it is a waste app and waste of time. it is only useful for downloading the movies,positive,negative,0.9572604298591614,0.95726043,0.03698913,0.005750394
it's fast and i can always use it to download,positive,positive,0.9300850033760071,0.0072320993,0.06268292,0.930085
have to use and see,neutral,positive,0.5670121312141418,0.07355287,0.35943493,0.56701213
good but some issues,positive,neutral,0.6263723373413086,0.012843192,0.62637234,0.36078447
plz see sex movies it's nice in this,neutral,neutral,0.5198208689689636,0.016328199,0.51982087,0.46385095
wont open. it always crashes and my phone reports it having multiple errors in <number> week,negative,negative,0.9635757207870483,0.9635757,0.03135216,0.0050720368
fcs on a <number> page pdf. really?! even on my stock evo that's awesome? this reminds me of flash player on my laptop- always causing problems. adobe = crap,negative,negative,0.8718015551567078,0.87180156,0.11300526,0.015193168
"the worst app ever can't download a single <url> my downloads have been ""unsuccessful""",negative,negative,0.9727898240089417,0.9727898,0.022372564,0.0048375693
needs text search and in-document link support.,neutral,neutral,0.8842846155166626,0.033076566,0.8842846,0.08263875
it's a great app. love it and good job,neutral,positive,0.9392480850219727,0.014765972,0.04598592,0.9392481
"sometimes wonky when on wifi, but that could be internet connection issue. also wants to have high accuracy location on which will drain your phone quickly.",neutral,neutral,0.8984747529029846,0.039618377,0.89847475,0.061906878
why am i now seeing ads? lame!,negative,negative,0.969767689704895,0.9697677,0.025499113,0.004733176
you had one job,positive,negative,0.932296872138977,0.9322969,0.05780298,0.009900068
"it would be nice if there was an option to record voice messages.    nuisance: when i press 'backwards' in my android, i am thrown out of the app, instead of going backwards to the messages list.    nuisance: i don't see a list of last messaged people in chronological order but randomly. this drives me <url>",neutral,neutral,0.8003373742103577,0.01926041,0.8003374,0.18040219
not replacement for the desktop app,neutral,neutral,0.7349217534065247,0.17493042,0.73492175,0.090147816
great app to communicate with family and friends.,positive,positive,0.9394964575767517,0.01691047,0.043593064,0.93949646
best chat application ever,neutral,positive,0.9430192708969116,0.012288052,0.04469272,0.9430193
good app bt needs new features,neutral,neutral,0.6503936052322388,0.023893395,0.6503936,0.32571295
it requires access permission n i dont know from where to turn on so can u plz tell m!!,neutral,negative,0.8476445078849792,0.8476445,0.1399635,0.012392062
uffff!!!! plzz don't downloaded this,negative,negative,0.9650749564170837,0.96507496,0.030263143,0.004661893
good <url> lacks some essential features,positive,positive,0.6744093298912048,0.0106202075,0.31497043,0.67440933
"the app is ok but the camera should no have any sound when you take photos, that problem is quite annoying",neutral,neutral,0.898806631565094,0.039423507,0.89880663,0.061769824
installation corrupts gmail db on n <number> android <number> . <number>,negative,negative,0.8194466233253479,0.8194466,0.16199271,0.018560627
i think it's a great start app!,positive,positive,0.90852290391922,0.009414624,0.08206248,0.9085229
radar has been freezing and not moving for last month. deleted it after all this time. pos!!!,negative,negative,0.9711501002311707,0.9711501,0.024252612,0.004597313
ok till it goes wrong,neutral,neutral,0.8088446259498596,0.1306091,0.8088446,0.060546193
i rely on weatherbug every day.,positive,positive,0.7554161548614502,0.024529777,0.22005403,0.75541615
"love this app, especially the lightening strike tracker.",positive,positive,0.938683271408081,0.015749171,0.045567494,0.9386833
there's still more to it.,positive,neutral,0.6590439677238464,0.06390402,0.65904397,0.27705204
very basic and subscription based,negative,neutral,0.6024432182312012,0.09654914,0.6024432,0.30100766
no words great app,positive,negative,0.5947088599205017,0.59470886,0.34354538,0.061745793
"im not use as well, i think it is bad application, i dont like.",negative,negative,0.49825751781463623,0.49825752,0.4624182,0.03932423
keeps saying photos not found whwn trying to send/ attach to people. using a note <number> <url> its not <url> it <url> pwrfect for what application i needed it for. will try again when i get new phone in a couple weeks.,negative,neutral,0.7201037406921387,0.22557464,0.72010374,0.054321636
helpful for book reading,positive,positive,0.9412026405334473,0.007799153,0.05099813,0.94120264
sometimes slow but yet efficient.,positive,neutral,0.6873350143432617,0.015816871,0.687335,0.29684803
for some reason the keyboard doesn't work on my phone. and i can't do couple's bitmojis with my wife. but it's fun to use with her anyhow,positive,neutral,0.8188961148262024,0.025071247,0.8188961,0.15603267
make anoying bc different ring with chat ring,neutral,positive,0.8254228234291077,0.015140894,0.15943626,0.8254228
"please make the browser application sync-able with android phones. i was able to sync a few days ago, but now it only syncs with an ios account.",positive,neutral,0.8346021771430969,0.09553993,0.8346022,0.06985796
great app. would have been a <number> if avatar could be edited,neutral,positive,0.9292054176330566,0.012505738,0.058288887,0.9292054
poor cousin to the desktop app,neutral,negative,0.935288667678833,0.93528867,0.05535065,0.009360678
i get notification for update but i can't update my bbm. please fix it.,neutral,neutral,0.8414948582649231,0.045888074,0.84149486,0.11261715
it wont let me download its saying it is but not getting it,negative,negative,0.9653564691543579,0.96535647,0.029737497,0.0049060974
force closed zenfone <number>,negative,negative,0.9648039937019348,0.964804,0.029118717,0.006077304
cloud service only idea bites,negative,neutral,0.7053906917572021,0.18917729,0.7053907,0.105431974
i can't sign <url> :'(,neutral,negative,0.8624622225761414,0.8624622,0.12606786,0.011469896
horrible for one reason,negative,negative,0.9595229029655457,0.9595229,0.033388223,0.007088883
<salutation> opening unwanted liks,negative,negative,0.8774096369743347,0.87740964,0.102419384,0.020171033
won't let me end chat,negative,negative,0.9406483769416809,0.9406484,0.051707786,0.0076438803
"nice, but flow could be better.",positive,neutral,0.6728400588035583,0.012465557,0.67284006,0.3146944
it just froze up a few days <url> doesn't work at all when i click on it,negative,negative,0.9350441098213196,0.9350441,0.058498416,0.0064575006
the news which displays on the welcome page is very annoying and vulgar have to be very careful when giving it to the children's at home to surf the internet and we had to use other browser in front of others as your front page containt all the vulgarity in news most of the people don't know how to disable news. the option should be visible on the front screen itself,negative,neutral,0.8299758434295654,0.09315251,0.82997584,0.07687172
seems impossible to make a review,neutral,neutral,0.502173125743866,0.4674115,0.5021731,0.030415423
reflow doesn't let you move from what's on the screen. no option to go to specific pages directly (really? scroll through a <number> + page book everytime?),neutral,negative,0.6147966980934143,0.6147967,0.35760868,0.027594687
low score due to the lack of a dark theme/night mode in <number> !,neutral,neutral,0.5242070555686951,0.4411082,0.52420706,0.034684747
"no floating head, why",negative,neutral,0.4823203980922699,0.4494984,0.4823204,0.06818113
bad on sms blocking,neutral,negative,0.8094632029533386,0.8094632,0.17071626,0.019820528
hated the new update,negative,negative,0.9676032066345215,0.9676032,0.027083455,0.005313336
i find it a bit odd that the app doesn't automatically open a file. i have to go to the app and open the file from there.,positive,neutral,0.8332865834236145,0.023893626,0.8332866,0.14281976
the weather people are always wrong they suck,negative,negative,0.5959781408309937,0.59597814,0.35266784,0.05135399
"no ""go to page"" feature? really?",neutral,negative,0.942631185054779,0.9426312,0.050936207,0.006432592
caused ipad safari to stop working,negative,negative,0.9415001273155212,0.9415001,0.049554963,0.008944967
it's a good app to communicate with team instantly,positive,positive,0.9361585974693298,0.0064622015,0.05737928,0.9361586
garbage. worthless app. i hope someone comes up with one better and more organized for people use. makes no sense. cant navigate. not worth the headache.,negative,negative,0.972299337387085,0.97229934,0.022769278,0.0049314136
good but seems to be a battery drainer on lollipop,neutral,neutral,0.8100210428237915,0.017285433,0.81002104,0.17269343
like the funny <url>,positive,positive,0.6352494955062866,0.018711707,0.34603885,0.6352495
"useless app, doesn't work as described",negative,negative,0.9714727401733398,0.97147274,0.023685953,0.004841302
pdf viewer works much smoother and loads faster,negative,positive,0.6994101405143738,0.016977984,0.28361186,0.69941014
awesome app with awful ux,neutral,negative,0.8248388767242432,0.8248389,0.13260068,0.042560503
<salutation> why most of the time. when i finish downloading video and going to play it. it says failed to open its not like this before using old version.,negative,neutral,0.6054444313049316,0.31599438,0.60544443,0.078561194
couldn't get edited photos out of lightroom!,negative,negative,0.9497048258781433,0.9497048,0.044881865,0.0054133167
the update sucks!!! i lost all the trees i previously unlocked.,negative,negative,0.9707943797111511,0.9707944,0.024167817,0.0050379066
the cancellations are confusing and the will double charge,neutral,neutral,0.86639803647995,0.074485675,0.86639804,0.059116382
"great, but eset is going off",positive,positive,0.4884745180606842,0.03154141,0.4799841,0.48847452
it is too slow app.,negative,neutral,0.4845900237560272,0.47051844,0.48459002,0.04489162
good & need more development options,neutral,positive,0.899555504322052,0.00710467,0.09333976,0.8995555
browsing fast but before download its doing re direct and suggest an other app.,positive,neutral,0.8442083597183228,0.030968178,0.84420836,0.12482352
please fix as soon as <url> cannot send message n dont have received feeds,negative,neutral,0.7686012387275696,0.15825458,0.76860124,0.0731441
too many ads dude,negative,negative,0.759216845035553,0.75921685,0.2157774,0.025005788
through this app i get amazing deals,positive,positive,0.9274805188179016,0.020180155,0.052339323,0.9274805
very helpful & useful for media <url>,positive,positive,0.9409694671630859,0.008116867,0.050913703,0.94096947
very helpful the apps,positive,positive,0.9389316439628601,0.007478904,0.053589415,0.93893164
update screwed the app over,negative,negative,0.9710635542869568,0.97106355,0.024077324,0.004859132
i love the variety of fashion styles this app offers. really digging on the poses & emotion statements. emoji id me. a ok,positive,positive,0.9436785578727722,0.012916083,0.043405395,0.94367856
except advertising everything is fine,positive,neutral,0.6328181028366089,0.019460648,0.6328181,0.3477213
does what it's meant to do,positive,neutral,0.7063208222389221,0.04716702,0.7063208,0.24651216
it's bad browsing with opera,positive,negative,0.8487710356712341,0.84877104,0.13709112,0.014137896
storm warnings are behind. weather warnings just seams to be behind,neutral,neutral,0.8215086460113525,0.08751648,0.82150865,0.09097486
not really but they had an annoying notification getting me to rate the app so,negative,neutral,0.8785793781280518,0.026135901,0.8785794,0.09528472
was better before they started messing with it. but still a bit of silly fun,neutral,neutral,0.7816972136497498,0.07350894,0.7816972,0.14479376
can no longer save locations.,neutral,negative,0.9668000340461731,0.96680003,0.02801176,0.005188131
"i use to like this app. but now the radar animation don't work,and i use to like that. i see it doesn't work for other people either sence the upgrade.",negative,negative,0.7166417837142944,0.7166418,0.26019946,0.023158776
it works but thats it,neutral,neutral,0.8119511008262634,0.026563764,0.8119511,0.16148518
"next update have any problems after i'm updates its say bbm not responding, and refresh page is take a long time, maybe <number> minutes, why the hell??",neutral,negative,0.9629307985305786,0.9629308,0.031334575,0.005734638
"just downloaded it, and haven't had the chance to use it much.",positive,neutral,0.7163962721824646,0.18930538,0.7163963,0.094298325
inferior to the ios version.,neutral,neutral,0.5231828689575195,0.42253354,0.52318287,0.054283574
"this app just simply doesnt care if i have allowed the data access or not. despite completely stopping the access to mobile data and wifi, it still runs in the background, connects with the internet and receives the texts. extremely intrusive and not something to have installed on your phone. if this is how it behaves, then it can't be trusted. uninstalled.",negative,negative,0.9703702330589294,0.97037023,0.024993993,0.004635781
quick booking. many options.,positive,positive,0.755261242389679,0.015428726,0.22931004,0.75526124
can't jump to pages. up arrow disappears. at least make it optional for up arrow to stay visible all the time. just plain out aggregating to use.,negative,neutral,0.8469220399856567,0.09422273,0.84692204,0.058855187
very lag and make my phone so slow,negative,neutral,0.48235878348350525,0.47625574,0.48235878,0.041385483
useful and stable application <signature>,positive,positive,0.9428824186325073,0.008887947,0.04822966,0.9428824
overall a good app fast downloading and <signature>,positive,positive,0.9463645815849304,0.0092448825,0.04439052,0.9463646
good place to work in groups,positive,positive,0.8797087669372559,0.006264742,0.1140265,0.87970877
good application. but needs some improvement,positive,positive,0.7870000004768372,0.007753545,0.20524639,0.787
good app but to much fake news and add,negative,positive,0.9101303815841675,0.005307323,0.08456227,0.9101304
cool idea with severe (ironic) bug,positive,neutral,0.8481130599975586,0.05492122,0.84811306,0.09696568
this app are clearing all data,neutral,negative,0.9132634401321411,0.91326344,0.07114427,0.015592262
good for a waytomake moneyon the side,neutral,neutral,0.647879421710968,0.017425826,0.6478794,0.33469474
it is very nice app,neutral,positive,0.8602656126022339,0.007797751,0.13193673,0.8602656
"best editing software. ui is easy , but please remove the trial",positive,positive,0.5789480209350586,0.010876564,0.41017538,0.578948
not visible in app tray!,positive,negative,0.9128750562667847,0.91287506,0.07625909,0.010865914
the only thing i would do different is make this available on facebook i can't access it for my posts. had to uninstall and reinstall as it stopped working.,neutral,neutral,0.4385264813899994,0.23259294,0.43852648,0.3288806
"would have been a perfect app excet for the fact that you cant insert the icon into your current text, but have to start a new one(text) <url> , and with every icon!",neutral,positive,0.7877827882766724,0.010837986,0.20137925,0.7877828
some issues in confirming the booking.,neutral,neutral,0.7763555645942688,0.05122762,0.77635556,0.17241687
pls also cover news of intl. importance,neutral,positive,0.8741843104362488,0.025010306,0.10080536,0.8741843
very easy to navigate,positive,positive,0.9413493871688843,0.008581097,0.050069544,0.9413494
won't stop shutting down. reported several times,negative,negative,0.9537634253501892,0.9537634,0.03972724,0.0065092887
easy and very helpful,positive,positive,0.9453272223472595,0.009554994,0.04511773,0.9453272
"there is a problem, at least in this version, each time i try to view an already downloaded city guide while i'm online, always displays the search page for hotels <url>",neutral,neutral,0.8371458053588867,0.09343054,0.8371458,0.06942364
i am just downloading the app after completion i'll increase or decrease the rating based on the app performance,neutral,neutral,0.6751601099967957,0.2066793,0.6751601,0.11816057
"notif now okay, ads still not ok",positive,neutral,0.5182015895843506,0.4424272,0.5182016,0.039371185
"great app, too bad i'm on android.",positive,neutral,0.6185879707336426,0.09757171,0.618588,0.2838403
"it's is very effective app , but it takes too much time in opening",neutral,neutral,0.7500595450401306,0.019360075,0.75005955,0.23058039
same bad it is good for search and for download but it is no to much good when i open uc browser on it home sreen or default and not save language option for my side not good,neutral,neutral,0.5470840930938721,0.41247725,0.5470841,0.040438693
not good for me,negative,negative,0.8903535008430481,0.8903535,0.09870694,0.010939567
it's good for few days later it is not working well,neutral,neutral,0.8745817542076111,0.02795755,0.87458175,0.09746059
"keeps crashing. really looked fwd to checking it out, but crashes all the time. the few times it worked the timer got messed <url> work it out!",neutral,negative,0.7582849264144897,0.7582849,0.22183087,0.019884232
the worst - yet the only <url> ckck,negative,negative,0.9695385098457336,0.9695385,0.024897253,0.0055643055
i love this app!it really helped me! devs keep on fixing and constantly improving on the app. worth any all in app purchases (which are very cheap btw). just missing a widget! &lt;/ <number>,negative,positive,0.6173300743103027,0.08299411,0.2996758,0.6173301
my bbm very slow .. what happen ??,negative,negative,0.8788701295852661,0.8788701,0.109187976,0.0119419675
i like booking in my computer,neutral,positive,0.7131159901618958,0.01690109,0.26998293,0.713116
i like this app,positive,positive,0.8260507583618164,0.016834607,0.15711461,0.82605076
can't do or find anything on the app,negative,negative,0.9335970878601074,0.9335971,0.060379263,0.0060236817
why open raw files ?,positive,neutral,0.6222662925720215,0.23490222,0.6222663,0.14283152
"all but useless in europe. slow to update and most features just don't work here at all. added a daily weather report, great! oh wait, it describes only one <url>",negative,negative,0.9636479020118713,0.9636479,0.030167762,0.0061843377
something very wrong with the app,negative,negative,0.9582984447479248,0.95829844,0.03568366,0.0060179667
iterate this app more then ads,negative,neutral,0.45980340242385864,0.45817253,0.4598034,0.08202405
old seen should not repeat please,neutral,neutral,0.584662675857544,0.34623465,0.5846627,0.06910271
great app for traveling,positive,positive,0.9240020513534546,0.019039113,0.05695886,0.92400205
was so great <url> but <url>,negative,neutral,0.8049378395080566,0.10839254,0.80493784,0.086669624
it's a nice app,positive,positive,0.8781745433807373,0.0059701055,0.11585538,0.87817454
i love this service,positive,positive,0.6432628631591797,0.17809175,0.17864545,0.64326286
larry delaney like it,neutral,positive,0.5498952269554138,0.032725573,0.41737923,0.5498952
not working with google messenger,neutral,negative,0.9546954035758972,0.9546954,0.039835267,0.005469304
"i am enjoying the app very much, it was recommended by my nephew and it is everything that he said it would be!!",positive,positive,0.9129215478897095,0.019385066,0.06769337,0.91292155
really only works with small documents and even then runs into freezes on motorola droid. no page jump which for books is necessary,negative,negative,0.495758980512619,0.49575898,0.46978852,0.034452464
"i used to really love this app until it started killing my trees just for receiving a notification that i hadn't opened yet. advanced detection is not on. may as well turn the phone off, but i use it for music.",negative,neutral,0.5218651294708252,0.43540064,0.5218651,0.042734206
crashes immediately after startup - can't use it!,negative,negative,0.9657661318778992,0.96576613,0.028866967,0.005366961
can't login to bbm,negative,negative,0.8791198134422302,0.8791198,0.11047595,0.010404257
an very much useful application,positive,positive,0.9424076676368713,0.009693734,0.04789861,0.94240767
works great except a few things,positive,positive,0.9300485253334045,0.011084463,0.058867052,0.9300485
"<salutation> awful interface lacking any true customisation, yet another chat app that brings nothing new to the table and steals ideas from discord, an exercise in reinventing the wheel which hasn't been updated in years and crashes all the time. also i wouldn't trust this app if you value your privacy. avoid like the plague.",negative,negative,0.9714031219482422,0.9714031,0.023801554,0.00479527
good for editing bad for storage,neutral,neutral,0.8076223134994507,0.024028206,0.8076223,0.16834947
"it's <url> only downside is can't make just any emotion, but overall great",positive,positive,0.9438943266868591,0.0076569924,0.048448656,0.9438943
used to work . please fix,negative,negative,0.849509060382843,0.84950906,0.13608535,0.014405606
it would be great if there's a feature where i can sort my files in folders because it is irritating to find a certain file in my sea of different subjects.,positive,neutral,0.5591810345649719,0.015652228,0.55918103,0.4251668
one thing that uc devs definitely do is to remove ads and news <url> page is annoying if we want to read then will go in news site,negative,neutral,0.64820396900177,0.047437966,0.64820397,0.30435807
nice to be back,positive,neutral,0.5297269225120544,0.01633745,0.5297269,0.45393562
"in all, we have to check this.",neutral,positive,0.695483922958374,0.06914005,0.23537605,0.6954839
freezes on some files,neutral,neutral,0.8003700971603394,0.124865115,0.8003701,0.07476476
cannot save progress without spending money.,negative,negative,0.9433019757270813,0.943302,0.04881812,0.007879915
greatly helpful. i like it,positive,positive,0.9424492716789246,0.010343232,0.04720747,0.9424493
can't even spell sydney right,negative,negative,0.9679338335990906,0.96793383,0.027387066,0.004679158
can't even create an account,negative,negative,0.9681516289710999,0.9681516,0.025876593,0.0059717745
nice app but you put extra features in this app but app is good,neutral,positive,0.6913228631019592,0.009168895,0.29950818,0.69132286
"good, but better without all those ads like other free messengers such as whatsapp, telegram, etc",neutral,positive,0.5682148337364197,0.009234627,0.4225506,0.56821483
wow. useless. hated it. <number> stars. (if i <url> ),negative,negative,0.971603512763977,0.9716035,0.023256438,0.0051399954
"bloated, glorified chat. i use it because my company obliges me to do so.",negative,neutral,0.6995278000831604,0.14005788,0.6995278,0.16041431
it dors ansolutely nothing. wastef my time!,negative,negative,0.9667041301727295,0.96670413,0.027895907,0.0053998777
superb editing in this,neutral,positive,0.9438641667366028,0.0118115535,0.04432423,0.94386417
"generally very good & helpful, with some good prices. free cancellation option is extremely useful.",positive,positive,0.9451959133148193,0.0053504426,0.049453687,0.9451959
"the ""i'm listening to"" <url>",positive,positive,0.5787964463233948,0.064189486,0.35701412,0.57879645
"solid app, but lacking in the tablet ux area",positive,neutral,0.891689658164978,0.033794247,0.89168966,0.07451602
let people to create more characters,neutral,positive,0.7339514493942261,0.043048996,0.22299953,0.73395145
app is good brower is so fast but news section in uc brower is the worst thing in the world,neutral,neutral,0.8500150442123413,0.075855784,0.85001504,0.0741292
"it is good easy to use , but why i have to download opera browser to download any videos from uc browser please fix this problem .",neutral,neutral,0.8476653099060059,0.023811748,0.8476653,0.12852295
it worked better before the <url> anything posted is hard to see and get to.,neutral,neutral,0.5009360313415527,0.44262657,0.50093603,0.05643739
can't apply for instagram. please updated,neutral,negative,0.8956341743469238,0.8956342,0.0936524,0.010713378
image size goes from <number> mb to <number> kb else fine.,neutral,neutral,0.6736965179443359,0.0165257,0.6736965,0.3097778
please enable apps <number> sd immediately. <signature>,negative,neutral,0.6949992775917053,0.12264834,0.6949993,0.18235232
like the app but the don't update rainfall very often.,positive,neutral,0.748425304889679,0.017800773,0.7484253,0.23377396
i liked <url> the size of this app is <url> is better,positive,positive,0.7798593640327454,0.011998715,0.2081419,0.77985936
this app is extremely bloated. for the functionality provided it should fit within <number> mb without issues.,negative,neutral,0.7655543684959412,0.16531938,0.76555437,0.06912621
half assed. uninstall! droid ally,negative,negative,0.9722703099250793,0.9722703,0.022634586,0.0050951117
quite nice - would be useful to edit posts from mobile,positive,positive,0.8395569324493408,0.0063500423,0.154093,0.83955693
app <number> f. temp <number> f,negative,neutral,0.6589576005935669,0.23261862,0.6589576,0.108423844
too many update it's annoying,neutral,neutral,0.7694576978683472,0.16787374,0.7694577,0.06266858
not responding to phone calls or emails. no customer service at all.,negative,negative,0.965930700302124,0.9659307,0.02923095,0.0048382417
thanks for fixing the problem,negative,positive,0.8417678475379944,0.009786455,0.14844565,0.84176785
room rate at times is misleading subject to additional charges,neutral,neutral,0.7588714957237244,0.1669099,0.7588715,0.074218564
access to files/photos/media,negative,neutral,0.5999290347099304,0.111722425,0.59992903,0.28834853
"best messaging app, not so great for file sharing though",positive,positive,0.7258524298667908,0.009075959,0.2650717,0.72585243
they want to much access,neutral,negative,0.5637187957763672,0.5637188,0.35756364,0.07871758
"would love more clothing choices, glasses and skin tones.",neutral,positive,0.9440826773643494,0.010608053,0.04530928,0.9440827
line freecall is better than bbm freecall,neutral,neutral,0.8283745050430298,0.04918268,0.8283745,0.1224428
this app very nice & use very easy,neutral,positive,0.9448015093803406,0.009979131,0.045219403,0.9448015
make the dp full hd,neutral,neutral,0.6832860708236694,0.055171505,0.6832861,0.2615424
good if it doesn't has annoying news banners,positive,neutral,0.7650468349456787,0.017926512,0.76504683,0.21702664
please make the lite variant of this app for smartphones with less storage.,negative,positive,0.48584306240081787,0.03654173,0.4776152,0.48584306
age group <number> to <number> years old,negative,neutral,0.5656638741493225,0.17179799,0.5656639,0.26253816
takes a lot of space,negative,neutral,0.8445366621017456,0.061575048,0.84453666,0.0938883
trible app. ui is horrible.,negative,negative,0.9526906609535217,0.95269066,0.039566208,0.0077431854
loved the app very much,positive,positive,0.4536625146865845,0.26196942,0.2843681,0.4536625
this bbm is not working on my galaxy s <number> edge why,neutral,negative,0.9592612385749817,0.95926124,0.035323035,0.005415775
it's great <url>,neutral,positive,0.8629583716392517,0.021793332,0.11524826,0.8629584
where is option for timer,negative,neutral,0.7825630307197571,0.023157308,0.78256303,0.19427969
well not. so good work but. some what.,neutral,neutral,0.9027020335197449,0.036246173,0.90270203,0.06105173
this could be great <url>,neutral,neutral,0.8148155212402344,0.05817372,0.8148155,0.12701082
take too much space or ram to run,neutral,neutral,0.6673437356948853,0.28585637,0.66734374,0.04679991
very useful. ive used the app many times in the last few years. hv even referred others by telling them directly. wish full address address of property could be included even before booking. thats my only complaint.,positive,positive,0.9018718600273132,0.0063641234,0.09176401,0.90187186
i love it but she doesn't look like me after making so many changes!!,positive,positive,0.8452525734901428,0.027495924,0.12725143,0.8452526
"it's ok, but since it appears to have basic reflow why can't we have white text on black background to save battery?",neutral,neutral,0.9005416035652161,0.020497251,0.9005416,0.07896118
great!!! amazing tool for textbooks in pdf <url> i use it on my lenovo tab <number> <number> plus and it works awesome. most of my medical textbooks converted in pdf run absolutely fine with this app.,positive,positive,0.942240834236145,0.012948399,0.04481078,0.94224083
bothering me for a rating,neutral,neutral,0.8094752430915833,0.107327946,0.80947524,0.08319678
it works great until you need to use another app. even when i whitelist apps my tree still withers,neutral,positive,0.6122568845748901,0.061368234,0.3263749,0.6122569
good weather overview. occasionally buggy (no pun intended).,positive,positive,0.9030405282974243,0.0051380335,0.091821484,0.9030405
when it works is great,neutral,neutral,0.6468104720115662,0.23057956,0.6468105,0.12261001
radar map doesnt work at all since last update. please fix and get <number> stars,negative,negative,0.9708040356636047,0.97080404,0.024577027,0.0046189525
"how do i use on facebook,?",negative,neutral,0.6494375467300415,0.07759739,0.64943755,0.2729651
used to be my favorite app,negative,negative,0.8383134603500366,0.83831346,0.14327295,0.018413626
its all good except for one thing.,neutral,positive,0.5562013983726501,0.01094825,0.43285036,0.5562014
to good to be true,positive,neutral,0.5486565232276917,0.175025,0.5486565,0.2763185
this app is useful for me,positive,positive,0.8341934680938721,0.008609946,0.15719657,0.83419347
"only worked for a day, then the app would never open and kept saying there was a error. uninstalled the re-installed <number> times never worked again",negative,negative,0.9716051816940308,0.9716052,0.023476588,0.004918247
not able to open pdf's downloaded to sd <url>,negative,negative,0.7191959619522095,0.71919596,0.26309997,0.017704053
slow and crashes dinc v <number> . <number>,negative,negative,0.771864652633667,0.77186465,0.20788878,0.020246511
"easy to use, fairly accurate!",positive,positive,0.9469122886657715,0.008694763,0.044392936,0.9469123
its a usefull app for informal office communication.,positive,positive,0.9455146789550781,0.00671889,0.047766414,0.9455147
"facebook face detection doesn't work, so you have to start from scratch. also not enough selection to choose from.",neutral,negative,0.7793607115745544,0.7793607,0.2037723,0.016866965
more than one and add more stuff. (stuff to make the avatar),neutral,positive,0.9152401685714722,0.010869886,0.07388991,0.91524017
i can't play it that sucks,negative,negative,0.9666924476623535,0.96669245,0.028718399,0.004589107
crashes during import htc one m <number>,negative,negative,0.6770534515380859,0.67705345,0.29597184,0.026974717
does exactly what it says. i like it.,positive,positive,0.9302173256874084,0.006574041,0.06320865,0.9302173
i think this app is good,positive,positive,0.5413182973861694,0.013959522,0.44472224,0.5413183
great app. free cancellation should be indicated per hotel before booking.,positive,positive,0.8975685238838196,0.029492032,0.0729395,0.8975685
"it's great for pdf, i only wish it supported other book formats like epub or mobi",positive,positive,0.922579824924469,0.0060279216,0.0713922,0.9225798
"stopped working and deleted everything after a week, pretty poor i'd say",negative,negative,0.8502697348594666,0.85026973,0.13582906,0.013901235
"a couple days ago, started telling me it can't attatch the emoji to my texts, that just stinks! i have a galaxys <number>",negative,negative,0.9256778359413147,0.92567784,0.06706256,0.0072596883
overall very useful app. i only don't like the fact that also sold-out hotels are shown. can be quite frustrating.,positive,positive,0.8937557339668274,0.0069812713,0.09926296,0.89375573
works well. it could have been better if approximate dates were allowed in search form.,positive,positive,0.8638837337493896,0.0065835943,0.12953272,0.86388373
still not as good as it could be!,neutral,negative,0.4924876391887665,0.49248764,0.47592708,0.031585254
for more information about this review go to <url>,negative,positive,0.4978654086589813,0.07853823,0.42359644,0.4978654
its been <number> years im using uc browser i gave a feedback that in uc browser we can't download videos directly to sd <url> have given a feedback about this past <number> years back but still uc team have not sloved my <url> service i request google team to please remove this uc browser from google <url> dnt need this kind of careless team ..,negative,negative,0.9633994698524475,0.96339947,0.031315412,0.0052851234
awesome app to find any <url> it,positive,positive,0.9208312630653381,0.017518688,0.061650045,0.92083126
ok permissions fix. i've updated and given back two of the four stars i'd dropped.,neutral,neutral,0.8494135141372681,0.034265395,0.8494135,0.11632109
i love the idea but can we get a weekly forest too?? that would be quite motivating!,neutral,positive,0.8731780052185059,0.012267109,0.11455489,0.873178
it's very good for edit photos and make photos and make a design of any things,positive,positive,0.9396440982818604,0.011188113,0.049167793,0.9396441
"i really love the lightroom software for laptops and other devices, but i don't find the app really convincing when compared to the software as you just miss so many options in the app",neutral,positive,0.8478230237960815,0.011910499,0.14026643,0.847823
"latest version is <number> . <number> . <number> , last updated on <number> th september <number> . uninstalled as abandoned. desktop is already at <number> . <number> .",negative,negative,0.9706225991249084,0.9706226,0.024183601,0.0051937583
just click the back button and my tree will still <url> and i don't think i have the whitelist edit- i think your tree only dies when you open another app that isn't on your whitelist or else the list is <url> am i wrong?,positive,negative,0.8810604214668274,0.8810604,0.10669841,0.012241245
adobe products are awsome,positive,neutral,0.7157715559005737,0.20018925,0.71577156,0.084039204
latest update fails to install with 'unknown reason - <number> ',neutral,negative,0.9516435861587524,0.9516436,0.040852543,0.0075038
"the app syncs messages too slowly and marking messages as ""read"" is buggy.",neutral,neutral,0.7729332447052002,0.050491564,0.77293324,0.17657518
"great service, terrible app. the app doesn't seem work with mobile internet which makes it mostly useless.",negative,negative,0.5206235647201538,0.52062356,0.3845313,0.09484514
now <number> % harder to use,negative,negative,0.7850295901298523,0.7850296,0.19167748,0.023292933
marginal but still better than others i have tried.,neutral,neutral,0.7456586956977844,0.019709198,0.7456587,0.23463216
the app doesn't provide multiple tabs at a time. it would be great if its possible.,positive,neutral,0.8291779160499573,0.022837324,0.8291779,0.14798476
good app and uesfull,negative,positive,0.8718656897544861,0.0071527963,0.12098148,0.8718657
only hate the <url>,positive,negative,0.5158766508102417,0.51587665,0.36681056,0.11731283
"i was using it every day and i think it was brilliant, even upgraded to paid version but since last update i haven't been able to access it at all as it keeps crashing. please fix it.",neutral,negative,0.4705427885055542,0.4705428,0.44928333,0.080173925
wont work for saml integration,neutral,negative,0.9661476612091064,0.96614766,0.029244382,0.0046079378
good but ads are annoying,neutral,neutral,0.8048363924026489,0.020692728,0.8048364,0.17447086
"app works fine, but it is very disappointing that there is no possibility to just use the map to find available accommodation. you always have to fill a place to search, but mostly i just want to browse and see what's available, regardless of the location.",neutral,neutral,0.5249215364456177,0.012084599,0.52492154,0.46299392
worst app and if it is install u r phone become a virus attack,negative,negative,0.9723796248435974,0.9723796,0.022799615,0.0048207967
not what i'd expect from the creators,neutral,negative,0.8935084939002991,0.8935085,0.09697303,0.009518472
"won't leave my facebook, like a <url>",negative,negative,0.9703574180603027,0.9703574,0.024476998,0.005165609
ads is an inconvenient thing so far,positive,neutral,0.820196807384491,0.12882799,0.8201968,0.05097521
"i like the interface , it's really good. for me, i feel it would be nice to have a look up option when we right-click on words . it's functionality is to link up words to our dictionary apps. <signature>",positive,positive,0.9306687712669373,0.005403445,0.06392779,0.9306688
good but many <url>,positive,neutral,0.7577419877052307,0.015448385,0.757742,0.22680956
requires photos to be imported into lightroom. i know this has how the desktop version but wish the mobile version was faster and easier to use.,neutral,neutral,0.8254039287567139,0.025541756,0.8254039,0.14905429
miss tabs to move between open docs. otherwise is fab.,positive,neutral,0.8847981691360474,0.04157352,0.88479817,0.07362828
"they stole from me i wanted a refund and because the manager of the hotel i chose treated me indifferently all because i wasn't <number> and so i emailed their "" <number> hour customer service"" and never got helped. lost $ <number> . don't use this app it is a trap.",negative,negative,0.9709914922714233,0.9709915,0.024023708,0.0049848305
my ag fans love the photos i do,positive,positive,0.9168724417686462,0.029051019,0.054076526,0.91687244
this app would be perfectly awesome if it worked with the keyboard on my tablet so that i could use it in facebook when i <url> without white backgrounds,neutral,positive,0.9108756184577942,0.008696018,0.080428354,0.9108756
"why my friends can retract or delete their messages, while i can't? i don't know what bb phone or android they have.",neutral,neutral,0.7057665586471558,0.13071877,0.70576656,0.16351473
it sucks non free things to choose from,negative,negative,0.9589638113975525,0.9589638,0.035208397,0.005827758
this is very good app for downloading,positive,positive,0.9333769679069519,0.009250202,0.057372864,0.93337697
not accurate information all the time,neutral,neutral,0.6506597995758057,0.305043,0.6506598,0.044297233
cannot show my reserved bookings,negative,negative,0.7022871971130371,0.7022872,0.2729168,0.024795992
i love this app,positive,negative,0.5819960832595825,0.5819961,0.25998896,0.158015
my company forces me to use this app.,neutral,negative,0.9614958167076111,0.9614958,0.032010287,0.0064939037
it's hard to cancel a booking when <url> to use,neutral,neutral,0.8361501097679138,0.12131872,0.8361501,0.042531196
won't open email attachments,negative,negative,0.9686329960823059,0.968633,0.026643757,0.004723237
couldn't find a better suited search app. compliments to the team. trivago couldn't find these many options.,positive,neutral,0.7885239720344543,0.116621375,0.788524,0.094854705
"simple to use, don't seem to be able to see complete booking information",positive,neutral,0.588067352771759,0.021398505,0.58806735,0.39053416
absolutely one of the <signature>,positive,positive,0.9401711225509644,0.011962432,0.047866482,0.9401711
i like the reading mode specially. but sometimes it crashes.,positive,neutral,0.5144663453102112,0.017020978,0.51446635,0.46851265
sounds and digital mixer cansol,positive,positive,0.808565616607666,0.03053783,0.16089654,0.8085656
"lacks a lot of basic features such as bookmarks and ""goto page"". thinkoffice does a better job.",negative,neutral,0.8937418460845947,0.06005869,0.89374185,0.04619956
much better than asana,positive,positive,0.8411785960197449,0.016444076,0.14237739,0.8411786
better on my windows phone,negative,neutral,0.7545503377914429,0.024193864,0.75455034,0.2212558
it's good but always show on screen when i switch on my home screen,neutral,positive,0.6886507272720337,0.008574287,0.302775,0.6886507
this app is my go to when i need to know about the weather.,positive,positive,0.8881608247756958,0.01865296,0.09318617,0.8881608
"okay but not great, and not really improving",neutral,neutral,0.9133867621421814,0.028324192,0.91338676,0.058289103
it should have pause option,neutral,neutral,0.8087224364280701,0.019877478,0.80872244,0.17140007
"all is good in this app except i couldn't see any hdr option while clicking photos, may be since i use oneplus one, which also has high processing power and advanced chipset enough to support this app. so they should support many more devices like this! hope the support arrives in next update itself.",neutral,neutral,0.7840192317962646,0.015089208,0.78401923,0.2008916
"professional app , useful for office purpose , easily connect to office by mobile but too much heavy unable to send messages on slow network.",positive,positive,0.7575675845146179,0.014454829,0.22797759,0.7575676
update is not starting after clicking on update button,negative,neutral,0.8076609969139099,0.12120213,0.807661,0.071136825
hate it since the update,negative,negative,0.958012580871582,0.9580126,0.035829213,0.006158195
tired of getting ripped off.,negative,negative,0.6161602139472961,0.6161602,0.35011682,0.033722922
had to sleep in the truck!,negative,negative,0.9622862339019775,0.96228623,0.030918475,0.0067953235
radar stopped working. i would've given <number> star rating if it worked.,negative,negative,0.9293208718299866,0.9293209,0.060615756,0.010063372
worst experience in goa,negative,negative,0.9708269834518433,0.970827,0.024175715,0.0049972455
like it because it syncs better,positive,positive,0.841876745223999,0.009080401,0.1490428,0.84187675
i can connect to my friends.,positive,positive,0.9050990343093872,0.017877478,0.07702354,0.90509903
i love this app,negative,negative,0.5819955468177795,0.58199555,0.25998917,0.1580153
fantastic app for downloading and easy to use,positive,positive,0.9404420852661133,0.013112722,0.046445142,0.9404421
"unable to change alert sound. not in options. unable to enable alerts per channel, on all or keywords and direct. closer to a beta than an app.",negative,negative,0.6338890194892883,0.633889,0.34044972,0.02566122
so much fun! makes people laugh.,positive,positive,0.5640423893928528,0.13189109,0.30406645,0.5640424
similar to all other photo editing apps. doesn't stand out from ythe rest.,neutral,neutral,0.8170761466026306,0.10491578,0.81707615,0.07800806
the quality of display picture is so bad,neutral,negative,0.8808496594429016,0.88084966,0.10744381,0.0117065245
this app is very fast,neutral,positive,0.9083638191223145,0.014436169,0.07720008,0.9083638
dear friends do not install this browser. this browser is pathrtic <url> will ads and ads on this .really annoying,negative,negative,0.9453651905059814,0.9453652,0.046979804,0.0076550115
please fix so i can type!,negative,neutral,0.6102678179740906,0.056224428,0.6102678,0.3335078
able to provide sufficent info regarding hotel that want to be rent,positive,positive,0.6173955798149109,0.022418011,0.36018643,0.6173956
they make you pay to create an account!! this is outrageous.,negative,negative,0.9714525938034058,0.9714526,0.023332661,0.0052147564
"it's a great concept for assosiating a reward to focus for those of us who struggle; however, my tree withers when someone phones me and i don't answer which is obviously a piss off.",positive,positive,0.8537814021110535,0.009599477,0.13661909,0.8537814
really a very good app,positive,positive,0.9299921989440918,0.008056948,0.061950877,0.9299922
awesome app! it will be better if you sync all your timers on your phones and chrome/mozilla extension. because i have to start to plant on my <number> phones and my browers when i'm working when you can do it just once and all your timers will start automatically. i hope you do it!,positive,positive,0.9312505125999451,0.010667791,0.058081668,0.9312505
this app is very nice,positive,positive,0.8520703911781311,0.009976752,0.13795291,0.8520704
"this app is super cute! my only complaint is that there is no piercing section! i have <number> piercings and would really like to at least have a nose ring! or maybe earrings? also think you should be able to customize outfits, like pick a shirt, bottoms, and shoes! instead of just the premade outfits.",positive,positive,0.9274483323097229,0.008294459,0.06425722,0.92744833
"app is okay but has superfluous things that i will never use. including every option is okay but the ideal app would allow for complete customization of components and page information that is pertinent to the user and where they are located. additionally, collecting metrics on what users actually use versus what is weak allows for improved development of the weaker app areas. that said, i have used this app for a long time with little cause for complaint.",neutral,neutral,0.6950955986976624,0.014517328,0.6950956,0.29038712
could you please add an option for exporting photos using the png format? it would be very handy.,neutral,positive,0.8766679763793945,0.006029766,0.11730224,0.876668
i like the reflow feature. but useless for me as i can't search nor skip to a specific page (have to scroll through entire books),negative,neutral,0.8599175214767456,0.03918874,0.8599175,0.10089379
"simple yet effective. would be great if the app had more customisation options like moving the plants around, changing the colour etc.",positive,positive,0.9340715408325195,0.0057270974,0.060201395,0.93407154
uc brouser is <signature>,positive,positive,0.7785493731498718,0.035745174,0.18570544,0.7785494
not starting since last update. please see to it. i gave <number> star so you can quickly check my issue. my phone is note <number> neo n <number>,positive,neutral,0.7445711493492126,0.08887675,0.74457115,0.16655211
doesn't work properly on nova launcher,neutral,negative,0.9621099829673767,0.96211,0.03289193,0.004998015
"useful, informative and helpful <signature>",positive,positive,0.9437187910079956,0.0126314005,0.043649815,0.9437188
still no floating head!! disappointed,negative,negative,0.9555895924568176,0.9555896,0.03749273,0.006917608
this app sucks now,negative,negative,0.9714903235435486,0.9714903,0.023775864,0.004733927
it can't find my photos,negative,negative,0.801064133644104,0.80106413,0.18464378,0.014292146
what happened to my little shortcut!? or used to stay open in all my messaging <url> now it's gone!!,negative,negative,0.929719090461731,0.9297191,0.06140841,0.008872499
stable and functional but not totally user friendly.,neutral,neutral,0.6426974534988403,0.014912496,0.64269745,0.34239003
this is good <url>  downloading movies but many. ads are come in between browsing,neutral,neutral,0.7465063333511353,0.018958937,0.74650633,0.23453465
i don't like the company not the app,negative,neutral,0.8132997751235962,0.09931198,0.8132998,0.087388314
"great app but would love to have better clothing styles. maybe peacoats, pencil skirts etc. <signature>",positive,positive,0.9467898011207581,0.01155988,0.04165031,0.9467898
radar map will not move. it hasn't been accurate either.,negative,negative,0.9604763388633728,0.96047634,0.03413628,0.00538746
"simplistic, designed to exceed expectations and overcome limitations.",positive,positive,0.6025486588478088,0.020283258,0.37716803,0.60254866
<url> sometimes it's gone <url> hate slow,neutral,neutral,0.6812016367912292,0.24756384,0.68120164,0.0712345
"i would use it more but i dont like that it has to start a new message, would be better if it would just add to the convo on the screen",neutral,neutral,0.8033568263053894,0.016671792,0.8033568,0.17997138
very bad app. it is forcing to instal. i think it is a virus.,negative,negative,0.9694737195968628,0.9694737,0.025789136,0.0047371187
better if no trial period and unlimited use for free,positive,neutral,0.6691870093345642,0.02129764,0.669187,0.30951533
great but needs presets access,neutral,positive,0.7744449377059937,0.010743719,0.21481137,0.77444494
each time it simply keeps saying that my phone has <url> disgusting,negative,neutral,0.6757913827896118,0.15143622,0.6757914,0.17277236
keeps documents in line. i really like this application!,positive,positive,0.9323752522468567,0.0121524185,0.05547229,0.93237525
anyone video download stop and very slow download,negative,negative,0.8996442556381226,0.89964426,0.09025325,0.0101024965
used to work but no longer does. writing this review while my is growing :/,neutral,negative,0.934619665145874,0.93461967,0.05840047,0.006979839
limited options but fun,neutral,neutral,0.7791869044303894,0.015127331,0.7791869,0.20568572
would give better but have'nt used much yet,negative,neutral,0.7714212536811829,0.016141718,0.77142125,0.21243705
"app ok, but temp doesn't update in notification bar",neutral,neutral,0.9163334965705872,0.033187017,0.9163335,0.050479453
no way to redeem tickets.,neutral,negative,0.9666455388069153,0.96664554,0.028043544,0.0053109126
"silly app , it would let me open google while it will kill the plant if i open calculator or dictionary",negative,negative,0.7299759387969971,0.72997594,0.2370386,0.032985523
"wow, such a pos!",negative,positive,0.8319337964057922,0.040111694,0.12795457,0.8319338
is a great app but since the update a couple of days ago i can't get radar to work. tried uninstalling and reinstalling but doesn't work.,positive,neutral,0.8584436774253845,0.037839953,0.8584437,0.1037164
"i hate start up with system, i don't use it frequently",negative,negative,0.9547243118286133,0.9547243,0.039670333,0.0056054043
push notifications not working,negative,negative,0.9520012140274048,0.9520012,0.04118815,0.0068105557
good combination with acrobat reader. it's quite clear,positive,positive,0.9216474890708923,0.005513368,0.07283915,0.9216475
nice. update it to be more digital. very clear,positive,positive,0.8296052813529968,0.0073464927,0.16304816,0.8296053
nice but sometimes hanging,positive,positive,0.595729410648346,0.009644353,0.3946262,0.5957294
still getting to know it,positive,neutral,0.6762779355049133,0.06293332,0.67627794,0.26078874
i use it for reading articles and it's fine. would be useful to be able to open two articles at once for cross reference but otherwise happy with the app,positive,positive,0.9399144053459167,0.0058273682,0.05425829,0.9399144
its better than others,neutral,positive,0.7127758264541626,0.011121159,0.27610302,0.7127758
does not work. in play store not listed as trial .come on adobe you stop down loads from your services now products do not work and listed as free we hen really a trial,negative,negative,0.9720221161842346,0.9720221,0.023057412,0.0049205027
almost a good editor,positive,positive,0.8293606638908386,0.009474703,0.16116463,0.82936066
not able to download new <url>,neutral,negative,0.8514090180397034,0.851409,0.13818465,0.010406235
"so i create a pdf using an adobe program, then send it to my phone to see what it looks like, but it won't open! pretty lame if you ask me.",negative,neutral,0.7520610094070435,0.17469594,0.752061,0.07324306
sometime can't change display picture at asus zenfone <number> . please fix,negative,neutral,0.8325932621955872,0.032736152,0.83259326,0.13467053
really nice concept but on android it just keeps hanging and eventually crashing.,negative,neutral,0.8573507070541382,0.03321088,0.8573507,0.10943847
doesn't work on my phone. always error,negative,negative,0.9678759574890137,0.96787596,0.027524712,0.0045993924
slackbot opens every time i start to type a reply in the app. started happening with the last update (note <number> ). why can't we disable slackbot? <number> star until we get this ability.,negative,negative,0.8392871618270874,0.83928716,0.14411208,0.016600756
"complex app that covers all sorts of things related to travelling, maybe too many",positive,positive,0.9200440049171448,0.013407961,0.066548005,0.920044
great and more awesome,positive,positive,0.9047010540962219,0.031147406,0.06415156,0.90470105
not what i asked for,negative,negative,0.9284802079200745,0.9284802,0.06365509,0.007864683
i wish you would show canadian maps,neutral,positive,0.8868803381919861,0.012717434,0.100402296,0.88688034
you don't allow to take in-app screenshots?,neutral,negative,0.631689727306366,0.6316897,0.32716063,0.041149627
how about date birth,negative,neutral,0.7447232007980347,0.050040375,0.7447232,0.20523642
"works great, other then not being able to delete content directly from phone.",neutral,neutral,0.6815250515937805,0.033829175,0.68152505,0.28464586
can't copy/paste or add keyboard to android,negative,neutral,0.8339698910713196,0.078006595,0.8339699,0.08802351
can't even create a account tried more than <number> times,negative,negative,0.969645619392395,0.9696456,0.025034944,0.0053193793
fast and good but missing features.,neutral,positive,0.6644604206085205,0.009690189,0.32584938,0.6644604
cannot get rid of floating head in my messages and it's driving me mad. i've had to uninstall the app to get rid of it &gt;:-/,negative,negative,0.8827484846115112,0.8827485,0.1070184,0.010233061
"love this app. i use it to study, but i answered a phone call and it wilted my tree. i can't really help when i receive phone calls. this one had to be answered and now i have to look at a wilted tree in my beautiful forest. i am upsetti spaghetti since i'm a perfectionist",positive,positive,0.9337137937545776,0.012424519,0.053861715,0.9337138
this app is slowly work,neutral,neutral,0.6357499957084656,0.13265401,0.63575,0.23159602
no instructions on how to delete files/pages viewed.,neutral,neutral,0.71763014793396,0.2251072,0.71763015,0.057262633
it helps a lot.,positive,positive,0.8370996117591858,0.014028482,0.14887191,0.8370996
"need to improve performance, usablity, and <url>",neutral,neutral,0.5156844258308411,0.040819332,0.5156844,0.4434962
multiple image share option is missing,neutral,neutral,0.7104743719100952,0.02374755,0.7104744,0.26577798
"i like the functions, but",neutral,positive,0.5446276068687439,0.012595892,0.4427765,0.5446276
why don't you just block us all?! =d =d =d,negative,negative,0.5472029447555542,0.54720294,0.3958665,0.05693058
easy to find hotel,neutral,positive,0.9046393036842346,0.008079592,0.08728108,0.9046393
"if unexpected crashes negleted, it is so far the <signature>",positive,neutral,0.6356561779975891,0.03497231,0.6356562,0.32937154
used to love it,negative,negative,0.8697188496589661,0.86971885,0.114289925,0.015991207
"i love this app but with the latest update it died when i used a white listed app, and when i checked my whitelist i couldn't scroll through or change anything which was weird. plz fix this and add more trees!",positive,positive,0.6217336654663086,0.050020263,0.32824606,0.62173367
very good mobile phone photo editor,positive,positive,0.9438287019729614,0.0074093337,0.048761945,0.9438287
keeps telling u to turn on the access then brings u to the settings page and even aft you check all the boxes doesnt take you back to the app. and continues to keep popping up disrupting phone usage. app doesnt work properly,negative,negative,0.9499163627624512,0.94991636,0.044046424,0.006037212
app is faster but stucks mobile pleas fix it up,positive,neutral,0.8511640429496765,0.04707346,0.85116404,0.10176253
"should have ""seen"" feature",neutral,neutral,0.8705295324325562,0.028857285,0.87052953,0.10061315
"can not zoom in or out, plis fix",neutral,negative,0.6506898999214172,0.6506899,0.3258653,0.023444882
nice idea and interface but finding friends doesn't work on android,neutral,neutral,0.8834893703460693,0.023635555,0.8834894,0.092875056
white list is so frustrating!,negative,negative,0.8355028033256531,0.8355028,0.14860536,0.015891852
need <url> saving to gallery issue adding photo issue,neutral,neutral,0.8624404668807983,0.055148903,0.86244047,0.08241064
the live doppler doesn't work since i updated,negative,negative,0.8588094711303711,0.8588095,0.1260083,0.015182253
very ugly and difficult to use platform. i do not suggest it. very bad,negative,negative,0.9671114683151245,0.96711147,0.02796034,0.004928163
recent update be unstable and loading so late,neutral,negative,0.7491022348403931,0.74910223,0.22804742,0.022850316
would give <number> stars if you blocked the facebook messenger bubble as well,positive,neutral,0.81474769115448,0.033989105,0.8147477,0.15126325
it's a good overall weather app. do miss the traffic cam.,positive,positive,0.9260035753250122,0.004962224,0.06903425,0.9260036
really hard to navigate.,neutral,negative,0.7635833621025085,0.76358336,0.22146954,0.014947042
they don't refund difference if room is cheaper,negative,neutral,0.7695412635803223,0.14969829,0.76954126,0.08076041
"works most of the time. freezes sometimes while trying to open a document, but just restart the app and it's good to go.",positive,neutral,0.8037005662918091,0.025117343,0.80370057,0.17118208
my friend show me it on tumbler it's amazing <signature>,positive,positive,0.9365984201431274,0.01265441,0.05074717,0.9365984
would of gave it <number> stars if i could. i just figured out that this app was using <number> % of my battery life and i never even use the app. sucks really bad.,negative,negative,0.8638021349906921,0.86380213,0.11837765,0.017820211
"you ruined the icon, we said ok. now you are ruining the background color too. stop changing, no one was complaining!",neutral,negative,0.9093540906906128,0.9093541,0.07960676,0.011039142
should have been a <number> star but why's the android version lacking local adjustments that the ios version has. i can understand that there may be delays among platforms but it's already <number> months behind!,neutral,neutral,0.87978595495224,0.022961335,0.87978595,0.09725268
nothing i want from this app,negative,negative,0.9512747526168823,0.95127475,0.040988255,0.0077369735
so great until today,negative,neutral,0.46124035120010376,0.38970667,0.46124035,0.14905296
it would be nice if it had it on like whatsapp for android but you have to download another app to access that <url> yeah but it's good,positive,neutral,0.6082001328468323,0.011600071,0.60820013,0.38019982
high quality images turns into low quality,neutral,neutral,0.8229346871376038,0.098812826,0.8229347,0.07825245
"it doesnt work, the screen flashes on and off and it wont open",negative,negative,0.9701099991798401,0.97011,0.024976112,0.0049138777
no retract in options,neutral,neutral,0.7723092436790466,0.033670854,0.77230924,0.19401993
last position read somewhat flawed,neutral,neutral,0.8162516355514526,0.107362255,0.81625164,0.07638607
get <number> days free trial. nice. to try it i need to be able to access photos that store to my sd card. i do that so i have room on my phones internal drive. waste of time,negative,neutral,0.8109548687934875,0.07595943,0.81095487,0.11308569
does not support to open pwd protected document,neutral,negative,0.8732466101646423,0.8732466,0.11556401,0.011189389
got rid of the irc gateway. this was why we used slack. uninstalled.,negative,negative,0.9697673916816711,0.9697674,0.024458783,0.005773802
more theme and customization <url>,positive,positive,0.9327450394630432,0.012289265,0.054965645,0.93274504
some items don't work!,neutral,negative,0.8975429534912109,0.89754295,0.0908105,0.011646603
map animation still has bug.,negative,neutral,0.6682068109512329,0.24882609,0.6682068,0.08296714
"ignores some files, loads a few others",neutral,neutral,0.8287433981895447,0.120346226,0.8287434,0.05091043
it's not as good as it used to be,neutral,negative,0.6038205623626709,0.60382056,0.3736723,0.02250713
"good, but needs things",positive,neutral,0.6390492916107178,0.01472232,0.6390493,0.34622845
not working properly on samsung galaxy a <number> .,negative,negative,0.9570318460464478,0.95703185,0.037622616,0.0053455327
views pdfs better then stock app but it doesn't see pdf's on sd card,negative,neutral,0.8844914436340332,0.040651657,0.88449144,0.074857
no way to get rid of ads on terrible screen layout.,negative,negative,0.9682369232177734,0.9682369,0.027051473,0.0047117225
required an account. i want an app to edit pictures on my phone. the online storage and synchronization should be an optional feature; not a requirement.,negative,neutral,0.85196852684021,0.09986415,0.8519685,0.0481674
ok with local weather love the thunder part of the app,positive,positive,0.7432292699813843,0.012033362,0.24473737,0.74322927
trivago the tru app,neutral,neutral,0.4796787202358246,0.09898721,0.47967872,0.4213341
add a floating notification,positive,neutral,0.7309125065803528,0.06147104,0.7309125,0.2076165
why i can not share video on bbm group; too many update but no significant effect,negative,neutral,0.5926534533500671,0.35292262,0.59265345,0.05442395
limited options for search,negative,neutral,0.8629153370857239,0.027324604,0.86291534,0.10976002
good for messaging not for calls,neutral,neutral,0.7926875352859497,0.023740105,0.79268754,0.18357243
"it's available when i need it and it's more accurate than other weather apps i've tried. update(jan <number> ) <url> recent california winter has been crazy, and frankly this app has let me down with inaccurate forecasts for most of it. comparatively, the google now app is more accurate. maybe the sensors in my area are just bad. when it's fixed, i revisit my review.",neutral,neutral,0.8343643546104431,0.041652597,0.83436435,0.12398308
you could add a bit more features. birthmarks scars moles etc,positive,neutral,0.6086591482162476,0.01948337,0.60865915,0.37185746
i am using it before <number> years,positive,neutral,0.47337809205055237,0.07759083,0.4733781,0.4490311
like many sites if you visit a chosen hotel more than once or twice the price rises!,neutral,positive,0.7840481996536255,0.022347381,0.19360436,0.7840482
amazing experience so far with this. iam being familiar with it.,positive,positive,0.9422723650932312,0.010579567,0.047148064,0.94227237
doesn't save properly half the time and definitely could use some more filters.,negative,neutral,0.8292930722236633,0.11217341,0.8292931,0.0585335
why is the iphone app so much better!,negative,neutral,0.5260587930679321,0.37747222,0.5260588,0.09646892
"browser not opening sites, it just ideal.",negative,neutral,0.692191481590271,0.032413073,0.6921915,0.27539548
"continuous crashing, won't even open now.",negative,negative,0.9689366817474365,0.9689367,0.025604194,0.005459161
they forced me to rate them so i docked a star.,neutral,negative,0.9657202363014221,0.96572024,0.029083207,0.005196542
lame. doesnt work for samsung intercept,negative,negative,0.9684203267097473,0.9684203,0.026617378,0.004962294
of mice and man,negative,negative,0.7433763146400452,0.7433763,0.21116966,0.04545397
only thing missing is custom notification,positive,positive,0.5755617618560791,0.024394024,0.40004423,0.57556176
video cant open after click tha video,negative,negative,0.9365435838699341,0.9365436,0.05727581,0.006180495
weather animation has stopped and will not start. has been off nearly <number> weeks.,negative,negative,0.9479742646217346,0.94797426,0.045592837,0.006432925
"i just came here because this app was featured on silicon valley, looks like a great app with an attractive interface.",positive,positive,0.7399098873138428,0.06810849,0.1919816,0.7399099
it's okay except for i have a lg phone and it doesn't work that well with the lg phone,positive,neutral,0.8979693651199341,0.022549286,0.89796937,0.0794813
cannot open or detect image file imported from nikon <number> j <number> camera which has .jpeg <url> i had to convert it first or use another photo app editing and save <url> so lightroom could detect the file <url>,neutral,neutral,0.7750779986381531,0.18043162,0.775078,0.044490356
having trouble downloading the app,negative,neutral,0.7563311457633972,0.17985287,0.75633115,0.06381603
i can't sent it through my messages to my contacts. only through facebook and that is absolutely ridiculous. this app sucks,negative,negative,0.9720308780670166,0.9720309,0.023429975,0.0045391247
very quickly reservation done.,positive,positive,0.912864625453949,0.015731392,0.07140398,0.9128646
<salutation> please give setting to turn it off,negative,neutral,0.5665225386619568,0.064480074,0.56652254,0.36899734
fantastic app to track lighting! the rest of the app is the same as any other really. but in fairness i do not use the rest of the app.,positive,positive,0.8133112788200378,0.013730369,0.17295836,0.8133113
service is good but app is not much android oriented,neutral,neutral,0.8945403099060059,0.038649593,0.8945403,0.06681014
this app is better,neutral,neutral,0.5233936309814453,0.23904847,0.52339363,0.23755793
the improvement are a lot better but it would be nice to be able to send large mp <number> or mp <number> files via bbm.,positive,neutral,0.5573593378067017,0.0131929545,0.55735934,0.42944777
viuggg hang with my life in your help me a lot and then you have any attachments may contain information contained herein including attachments if it would love the way i will have been sent me a new one day i was thinking about my life in your,positive,positive,0.8965644240379333,0.016899733,0.086535834,0.8965644
can't get to work for motorola droid,negative,negative,0.9690212607383728,0.96902126,0.02647559,0.004503177
bad for the aap is hanging,neutral,negative,0.9188016057014465,0.9188016,0.06955939,0.011639017
its really <url> though remove the trial days remaining,positive,neutral,0.661998450756073,0.14879976,0.66199845,0.18920185
horrible radar. constant storm alerts with no storms around,negative,negative,0.9650210738182068,0.9650211,0.028818613,0.006160205
cool idea pain da butt to use then at times wont work <url>,negative,neutral,0.8390660285949707,0.095694214,0.839066,0.065239765
new update v <number> . <number> crashes all the time,positive,negative,0.9217849373817444,0.92178494,0.06774706,0.010468053
"it's okay (at least, freebies now included) <url>",neutral,neutral,0.8618593215942383,0.018172696,0.8618593,0.11996788
only <number> stars since it will not let me delete any files. please fix.,neutral,neutral,0.670954704284668,0.23082298,0.6709547,0.09822229
does what it is supposed to do and does it well.,positive,positive,0.5294970870018005,0.026522484,0.44398043,0.5294971
"very useful, but has a few annoyances",positive,positive,0.7164555788040161,0.008160946,0.2753835,0.7164556
can't download <url>,negative,negative,0.8252309560775757,0.82523096,0.16355303,0.011216013
"generally a good pdf viewer. i love the reading mode that reflow text and adjust font for better reading experience. the only problem, or i should call it a bug, is that it seems like this mode hates to see <number> letters ""f"" & ""i"" being together. for words like ""find"", ""first"", ""prefix"", etc. you will see only ""nd"", ""rst"", ""prex"", etc.",positive,positive,0.7674615979194641,0.009363136,0.22317521,0.7674616
no support for paid ad-free version,neutral,negative,0.9511123299598694,0.95111233,0.04195171,0.0069359792
i like this app,positive,positive,0.8260511159896851,0.016834583,0.15711427,0.8260511
used to use it for studying but after reacent update it won't open. please fix,neutral,negative,0.6181831359863281,0.61818314,0.34944776,0.03236916
last update is a disaster,negative,negative,0.9469613432884216,0.94696134,0.044425923,0.008612717
would be better if emoji's didn't disappear when new ones are added,neutral,neutral,0.7505747675895691,0.016080435,0.75057477,0.23334481
good for basic stuff,neutral,positive,0.6985272765159607,0.010531244,0.29094148,0.6985273
fun but android needs more options!!,neutral,neutral,0.6564670205116272,0.016564995,0.656467,0.32696798
"the usual mediocre bare bone pdf reader from adobe, totally lacking in functionality. repligo reader is better",negative,neutral,0.7050004601478577,0.25372475,0.70500046,0.041274756
stays open in background,negative,neutral,0.7965139746665955,0.108945966,0.796514,0.094540074
it's actually helpful.,positive,neutral,0.526727557182312,0.0144986,0.52672756,0.45877388
good enough and satisfied result <url> its quite good aap,neutral,positive,0.8577315807342529,0.00739549,0.13487291,0.8577316
why songs are not downloading from the websites. there is always showing error. whenever i download some song. pls fix this bugg,neutral,neutral,0.5759641528129578,0.3658301,0.57596415,0.058205802
booking is simple and straight forward.,positive,positive,0.8277071118354797,0.011658362,0.16063458,0.8277071
"a really good and practical app, however like every other app it still has room for improvement!",positive,positive,0.947776198387146,0.0068835923,0.045340165,0.9477762
excellent pdf viewer rendered unusable by the inability to jump to a page and by the fact that it doesn't remember where you were or bookmarks.,negative,positive,0.6954171061515808,0.013918293,0.2906646,0.6954171
good site but still faceing issue with hotel even we confirm through app,positive,neutral,0.6251974701881409,0.01564358,0.62519747,0.35915896
it took forever to download,neutral,neutral,0.7183883786201477,0.21298406,0.7183884,0.068627544
i've started using the lightroom camera to take all my photos in raw (dng) and i've noticed today that while out at <number> : <number> on <number> / <number> / <number> and taking pictures the time and date stamp on the images says <number> : <number> <number> / <number> / <number> . what's all that about? i can't change it so where does it get it's info from? also the preview does not show the correct colour. it does when using the slider but as soon as i let it go the image reverts back to a almost black and white.,neutral,neutral,0.7716410160064697,0.17474252,0.771641,0.053616494
it's cute for younger people but i use it some. i'm <number> yrs old.,positive,positive,0.7781282663345337,0.009437327,0.2124344,0.77812827
"i had login throught google + <url> but i changed my mind and wanted to login through <url> so, i logged out !!! now, i cannot login back. the app is going back to registration page with the option to login to facebook !!! please look into the solution for this !",neutral,negative,0.9233816862106323,0.9233817,0.06778438,0.008833863
please could we have the option to install to sd card. what is the point in having a large sd card if it doesn't even get used,negative,neutral,0.8158608675003052,0.040146798,0.81586087,0.14399226
wont open at all,negative,negative,0.9685551524162292,0.96855515,0.026814917,0.0046298113
good stickers allow users to express better. how come i cannot use bbm calls?,neutral,positive,0.6350337862968445,0.009930053,0.35503614,0.6350338
why pr have no radar????,negative,negative,0.7163539528846741,0.71635395,0.23440628,0.049239825
before it can connect even the signal is weak now it needs more signal to connect,neutral,neutral,0.8178537487983704,0.12333031,0.81785375,0.058816027
radar maps are all wrong,negative,negative,0.9649278521537781,0.96492785,0.029969942,0.0051022214
it is fast downloading app,positive,positive,0.9012582302093506,0.008033267,0.09070853,0.90125823
make it a zoo or fish tank,positive,positive,0.6287239193916321,0.047328126,0.323948,0.6287239
waah!!! so nice app,positive,positive,0.8672749996185303,0.012741692,0.11998328,0.867275
why pay that price for tablet use,negative,negative,0.910369873046875,0.9103699,0.07384694,0.015783183
good bit doesn't have the choices in search section for type of rooms such as not-smoking or soundproof ones or double-room etc.,positive,neutral,0.680322527885437,0.014445724,0.6803225,0.30523172
too slow at times,neutral,neutral,0.8063907027244568,0.09674891,0.8063907,0.09686043
it's very easy to use and all types of format documents easily opened,positive,positive,0.9414718151092529,0.0097615095,0.04876673,0.9414718
can not sign in,negative,negative,0.957251787185669,0.9572518,0.036883414,0.00586487
it makes team communication highly open and accessible,positive,positive,0.9413072466850281,0.011456368,0.04723646,0.94130725
when message is being sent it takes time to be received,neutral,neutral,0.7733114957809448,0.1300522,0.7733115,0.09663626
pretty accurate for the most part i think,positive,positive,0.9462657570838928,0.007698921,0.046035316,0.94626576
spark is about the only good thing,neutral,positive,0.772645115852356,0.027447134,0.19990778,0.7726451
broke the upload photo feature,negative,neutral,0.47584107518196106,0.462624,0.47584108,0.061534923
best app but suggest download stop,positive,positive,0.6135923862457275,0.010175746,0.37623188,0.6135924
some hotels are a bit shady,neutral,neutral,0.8547778129577637,0.04201916,0.8547778,0.103203095
its fun to see you're own emoji !,neutral,positive,0.6803091168403625,0.012880519,0.30681038,0.6803091
its not so great as i expected it to be,neutral,neutral,0.8903211951255798,0.031825494,0.8903212,0.077853255
keeps going down n the ads r anoying,negative,negative,0.7731509208679199,0.7731509,0.20386654,0.022982562
it was good enough until i can't change my display picture,negative,neutral,0.8276697397232056,0.04036264,0.82766974,0.13196765
it's a trial. editing feature not impressive.,positive,neutral,0.8528093695640564,0.06675474,0.85280937,0.080435924
love it <url> great job <url>,neutral,positive,0.8198690414428711,0.057657823,0.12247318,0.81986904
used to be good,negative,negative,0.8760067224502563,0.8760067,0.10855528,0.015438021
very good and useful app,positive,positive,0.9464379549026489,0.009575435,0.043986596,0.94643795
"the app will no longer let me delete locations. uninstalled, and reinstalled and they are still there. frustrating.",neutral,negative,0.9709814786911011,0.9709815,0.024375154,0.004643481
"buggy, ambigue and less features",negative,neutral,0.7818799614906311,0.047567315,0.78187996,0.1705527
"this has helped my productivity a lot. i've only recently started experiencing issues with it. before, the app used to count extra time i went without using my phone even after the <number> min mark. it was really gratifying to see how much longer i was able to last + it contributed to my forest and my overall focus count. but now it isn't doing that? so it kind of discourages me from continuing to work past the sound of the timer even if i feel like i could. if it's possible, please do something about that.",neutral,neutral,0.8112615346908569,0.036842458,0.81126153,0.15189609
"zooming slow, okay otherwise",neutral,neutral,0.9028754830360413,0.04574968,0.9028755,0.051374823
"fix zoom in attached images! it doesn't work first <number> seconds the image open, and for gif it doesn't work at all. and is that tat hard to add rotation you've ""planned to add"" a year ago? where's a font size setting or guesture scale sor chat?",neutral,neutral,0.6680923700332642,0.28333387,0.66809237,0.048573732
when will the local adjustments tool be disponible for android users?? hope it's included on the next actualization !!,positive,neutral,0.7561323642730713,0.03715177,0.75613236,0.20671591
just started using it !,positive,neutral,0.6012737154960632,0.208364,0.6012737,0.1903623
so cute. wish it were easier to access via other apps,positive,positive,0.5308754444122314,0.032983746,0.4361408,0.53087544
really like the way this app has evolved from it's first version. please add android wear notification service asap. its really easy to add and people are badly missing it.,positive,positive,0.7587306499481201,0.014501067,0.22676827,0.75873065
"good on mobile devices ,simply good on move",positive,positive,0.6103692054748535,0.010125698,0.3795051,0.6103692
need to avoid unwanted ads and also enhance the downloading speed. overall nice app.,positive,positive,0.6566235423088074,0.014405492,0.32897097,0.65662354
"i really like this app and is what i go to when i start loosing concentration. i wish there were more stats and plant types, also more beautifully animated and things that change <url>",positive,positive,0.9449037313461304,0.010591567,0.044504624,0.94490373
was <url> now radar broken,negative,negative,0.9599610567092896,0.95996106,0.032592498,0.0074464264
booking bait and switch,negative,negative,0.9610816240310669,0.9610816,0.03138171,0.007536648
this seems like it would be cool,negative,neutral,0.7270227670669556,0.01859449,0.72702277,0.2543828
cannot see my photo's on device,negative,negative,0.49698829650878906,0.4969883,0.47335285,0.029658787
so far so good!! i love it.,positive,positive,0.883859395980835,0.033671163,0.08246945,0.8838594
"such an intrusive browser, coming from china. it can't be trusted with your online activities. indians, be aware.",negative,negative,0.8813216686248779,0.88132167,0.10560804,0.013070345
hi i download this app he is the very good app,positive,positive,0.8862867951393127,0.02338576,0.09032742,0.8862868
where is the download process,positive,neutral,0.6144660115242004,0.18222475,0.614466,0.20330924
brill so easy to use,positive,positive,0.9046773314476013,0.0074884593,0.0878342,0.90467733
the app isn't working on the note <number> . i'll update my review if/when it works.,negative,negative,0.7709554433822632,0.77095544,0.21240006,0.016644461
"""you have cancelled your entire <url> ""???",negative,negative,0.9417356252670288,0.9417356,0.047903452,0.010360895
it good for local german reports nearly as good as <url>,positive,positive,0.6357468366622925,0.010291592,0.35396156,0.63574684
does what i need it to,neutral,positive,0.8684602975845337,0.012622008,0.11891774,0.8684603
it's good for communication,neutral,positive,0.8083357214927673,0.0070020836,0.1846622,0.8083357
it sometimes sends the wrong <url>,neutral,neutral,0.7509539723396301,0.17781183,0.750954,0.07123419
please add the feature of sharpen and blur,neutral,positive,0.8688976168632507,0.008953874,0.12214846,0.8688976
notifications aren't working???,positive,negative,0.9298086166381836,0.9298086,0.061797768,0.008393627
lag while zoom in/out,positive,neutral,0.8254312872886658,0.10994382,0.8254313,0.064624846
had some slowness issues?,positive,neutral,0.8530632853507996,0.030985223,0.8530633,0.11595141
awesome app one of the <signature>,positive,positive,0.9348883032798767,0.014998122,0.050113548,0.9348883
it does great and gives accurate weather information,positive,positive,0.9432730078697205,0.008535654,0.048191372,0.943273
bogus . there are several aps much useful,negative,neutral,0.8501135110855103,0.06904216,0.8501135,0.08084428
'no notifications' doesn't work.,negative,negative,0.9626760482788086,0.96267605,0.032089505,0.005234373
great app for managing hotel reservations on the go. it's also nice to earn rewards for frequent stays. i think this is the <signature>,positive,positive,0.9427679777145386,0.008398701,0.0488333,0.942768
app keeps crashing. unable to open after latest update.,positive,negative,0.9686431884765625,0.9686432,0.026053427,0.005303334
always update but nothing improve,neutral,neutral,0.7400925159454346,0.0390847,0.7400925,0.2208228
"great concept, poor implementation",neutral,negative,0.6220096349716187,0.62200963,0.32705426,0.050936095
contact picture not show.,negative,neutral,0.7108707427978516,0.2227377,0.71087074,0.066391565
canon cr <number> support please,neutral,positive,0.6121617555618286,0.0290653,0.358773,0.61216176
this thing is a trap! it will take your money,negative,negative,0.9657643437385559,0.96576434,0.027940758,0.006294854
"the icon re-design is a tremendous eye-sore more fit to be the face of a pharmaceutical firm, and they didnt put any extra effort into making the app on any of the platforms, leaving gaps in design. no dark mode, no voip, no collapsing the sidebar on ios or windows. i use it because my friends do.",negative,neutral,0.701739490032196,0.21824118,0.7017395,0.080019236
"just need an option to mute notifications (some of us work different timezones and like sleep), other than that it works pretty well!",positive,positive,0.8496509194374084,0.007296763,0.1430523,0.8496509
good for net work download,positive,positive,0.8448116779327393,0.006853391,0.14833501,0.8448117
i want this feature,positive,positive,0.5274024605751038,0.09140206,0.38119546,0.52740246
content rating: low maturity,positive,neutral,0.7204989194869995,0.2153765,0.7204989,0.064124644
this application doesn't work in my handphone,negative,negative,0.9652319550514221,0.96523196,0.030050565,0.0047174217
slack chat is good,positive,neutral,0.6344313025474548,0.021726117,0.6344313,0.34384257
i find the user experience superior to other apps.,positive,positive,0.7147346138954163,0.020806678,0.2644587,0.7147346
"great app, needs better ui on reviews",neutral,positive,0.5673468112945557,0.018656012,0.4139972,0.5673468
great new camera in-app,positive,positive,0.92326819896698,0.024786692,0.051945142,0.9232682
would be <number> <url>,negative,neutral,0.7353259921073914,0.07749791,0.735326,0.18717603
it's a good application,neutral,positive,0.8744156956672668,0.0064720493,0.11911226,0.8744157
"five star service, two star app",negative,positive,0.6163268089294434,0.12360521,0.26006797,0.6163268
everytime my phone went on sleep it killed the tree and became completely pointless because i would've had to tap my phone every <number> seconds to keep it from locking and killing the tree.,negative,negative,0.9683364033699036,0.9683364,0.026425824,0.0052378755
bbm isnt the <signature>,neutral,negative,0.4820505380630493,0.48205054,0.4807181,0.0372313
can you please give a little speed more on download,neutral,positive,0.8190288543701172,0.013027914,0.16794327,0.81902885
need support for .cr <number> format,positive,neutral,0.8615068793296814,0.04052304,0.8615069,0.09797006
"unecessarily complicated and cumbersome. it's so difficult to create new workspaces and move people from one to another. if you don't have someone's email address memorized, good luck! this app has a long way to go to be truly useful every day. in addition to the above, notifications are a bit of a nightmare. i've missed out on a lot of critical messages because notifications just don't work when they need to. i've run out of room for feedback but i could go <url>",negative,neutral,0.7581440210342407,0.19131353,0.758144,0.050542433
i'm surprised hdr is not supported on the huawei nexus <number> p. i realize it is isn't as new as the pixels but it's still a pretty fast phone.,neutral,neutral,0.7827494144439697,0.019786326,0.7827494,0.19746432
where is the bookmarks?,neutral,neutral,0.46803170442581177,0.35671327,0.4680317,0.17525497
"love this app, developers have been brilliant at fixing bugs and the feedback system is great!",neutral,positive,0.9234078526496887,0.022362059,0.054230146,0.92340785
i want to give this app <number> <url>,negative,negative,0.7162317037582397,0.7162317,0.23200539,0.051762935
cant even sign in or sign up,negative,negative,0.9689555764198303,0.9689556,0.025622627,0.005421711
"very nice weather app. would like to see more detail on air quality, pollen, etc",positive,positive,0.9488404393196106,0.009092881,0.042066693,0.94884044
simple to use. nice option to search via map,positive,positive,0.8568519353866577,0.007070501,0.13607755,0.85685194
what a huge step backwards for useability.,negative,positive,0.819110631942749,0.03915666,0.14173266,0.81911063
it is what it is!,neutral,negative,0.3616899847984314,0.36168998,0.3504347,0.2878753
"+pinch zoom, +++reflow text, --render speed on scroll, ---should find all pdf including dowloaded by browser, --no search, ---no images in reflow",negative,negative,0.9391731023788452,0.9391731,0.05403831,0.006788625
this app keeps killing my tree whenever i off my <url> this is so bad. i ended up kore time restarting the timer.,negative,negative,0.9690294861793518,0.9690295,0.025619542,0.0053509963
website offers better and more search options.,negative,neutral,0.6235439777374268,0.043536115,0.623544,0.33291999
i love this browser,positive,negative,0.4480689465999603,0.44806895,0.33914304,0.21278796
not always perfectly accurate. i like the hourly forecast.,positive,neutral,0.6095280647277832,0.019962072,0.60952806,0.3705099
mobile notifications not working,neutral,negative,0.957666277885437,0.9576663,0.036195558,0.006138183
cannot unlock password protected ebooks. can't even interact with links or buttons. worthless for password protected ebooks.,negative,negative,0.9688087701797485,0.96880877,0.026573213,0.0046180747
this app is an nice good for everything i need but they are problems u must fix,positive,positive,0.9335242509841919,0.00601588,0.06045983,0.93352425
getting worse than before,neutral,negative,0.8394519686698914,0.83945197,0.1420454,0.018502621
it's easier and efficient,positive,positive,0.9120901226997375,0.0060142484,0.08189559,0.9120901
"what the mobile developers do not understand is: do not ever ever change the application icon! the icon shape and color are used to quickly identify an app between other dozen apps. that's how the brain works! moreover, an update only for the app icon? where is the video recording option? i use slack daily (it's the main chat / video conferencing solution where i work) and you can simply cannot record meetings!",negative,negative,0.8249369263648987,0.8249369,0.15917209,0.01589099
"cute and accurate, but no long hair",neutral,positive,0.8151907324790955,0.007596333,0.17721295,0.81519073
used to work. not anymore,negative,negative,0.9457533359527588,0.94575334,0.047221467,0.0070251925
an outstanding way of communication with the team.,positive,positive,0.9439467191696167,0.01292403,0.04312927,0.9439467
internet is better than this because,neutral,neutral,0.6836094856262207,0.046218507,0.6836095,0.27017203
"sucks. force close, pdf never opens. htc hero.",negative,negative,0.9714003205299377,0.9714003,0.023505298,0.005094336
"i like it just wish tht we had more choices for the avatar and the body shapes were more womenly, besides that i think it's great!",neutral,positive,0.9430755376815796,0.006378935,0.05054549,0.94307554
was great when it worked,negative,negative,0.724648118019104,0.7246481,0.2333236,0.04202828
update has ruined functionality. now difficult to search rooms for <number> people etc. terrible terrible terrible!,negative,negative,0.9717009663581848,0.97170097,0.023121122,0.0051778867
would like it better if you could use this app in fb <url>,neutral,neutral,0.5985329151153564,0.013727997,0.5985329,0.38773903
great app with potential.,positive,positive,0.9437820911407471,0.011715396,0.044502553,0.9437821
handles small pdf files really well. needs bookmarks.,neutral,neutral,0.755470335483551,0.023399806,0.75547034,0.22112988
why not a mobile web version ??!!?!,negative,negative,0.8306776881217957,0.8306777,0.15010719,0.01921512
"i love this app, the ui is nice and smooth, no bugs what-so-ever, and it knows when i press the home button and enter another app. (turn on advanced something in the settings) looks very smooth, and it works as it should! the problem is, i can't lock my phone without killing the tree, and it wastes the battery. that's pretty much my only complaint! (i'm fairly new to the app, and i heard that when your forest gets full, that you can't put in anymore trees. if so, please let the forest expand as well.)",positive,positive,0.538223385810852,0.020969713,0.44080687,0.5382234
i was addicted to game and other stuff my personal work ratio was too down and this app really help <url> !,positive,positive,0.7279372811317444,0.06044829,0.21161446,0.7279373
stuck in update mode,negative,negative,0.7014440298080444,0.70144403,0.26518598,0.03336993
while downloading music it goes to play store .,neutral,neutral,0.7166947722434998,0.10049398,0.7166948,0.18281123
can't append it to sd card when updated in htc wildfire,negative,neutral,0.6171770691871643,0.34407842,0.61717707,0.038744546
free emoticons are <url> good,neutral,neutral,0.6213217377662659,0.015446617,0.62132174,0.3632317
"i could plant the tree while watching youtube , no different than clash of clans",negative,neutral,0.8056970834732056,0.046402793,0.8056971,0.14790013
bbm cant connect properly,negative,negative,0.8890239596366882,0.88902396,0.102005646,0.008970299
"it would be cooler if you could mix and match the pants, shoes, shirts, jackets, etc. instead of having to choose from predetermined outfits. i want to make my own outfit!",positive,positive,0.7689669132232666,0.008878856,0.22215421,0.7689669
"works fine, too many ads",positive,neutral,0.6919664740562439,0.03456818,0.6919665,0.27346534
they okay good on the <number> day forecast.!,neutral,positive,0.578060507774353,0.010411272,0.4115283,0.5780605
"when it works, it's good. but far too many crashes on my galaxy tab s <number> .",neutral,neutral,0.8549639582633972,0.022253647,0.85496396,0.12278236
terrible it now no longer works the way it used to. it was the <signature>,negative,negative,0.9699091911315918,0.9699092,0.024977807,0.0051129092
push notifications not reliable,positive,neutral,0.8609604239463806,0.080816485,0.8609604,0.05822309
went out and can't access it ny more. what happened. says i have <number> go thru fb or my email and i have <number> sign up and in wen i've been using it <number> the past <number> months. what happened!,neutral,negative,0.9586275219917297,0.9586275,0.036000434,0.0053720097
to set a profile picture is very frustrating as the current set up/method cuts out most of the picture. this really should be adjusted.,neutral,neutral,0.8598856329917908,0.055140007,0.85988563,0.084974356
i liked <url> this is very useful,positive,positive,0.888873815536499,0.009044201,0.102081954,0.8888738
if your not using this to book your loosing out,neutral,negative,0.9599742293357849,0.9599742,0.03303969,0.006986119
"the app keeps asking me to rate it despite me constantly telling it ""no"" so i'm rating it <number> star out of spite and partially because they don't actually follow the choices they give you.",negative,neutral,0.7883820533752441,0.10882588,0.78838205,0.1027921
"uc browser is a fantastic browser application. the team behind the creation of this application have all done a wonderful job. keep it up as you continue to improve upon this great application. however, i wish to suggest that option to be able to send applications in speed mode { facebook, twitter etc} to phone desktop/home screen be incorporated into this application. secondly, make it possible to be able to select and set desired audio file as alert tones for applications like facebook etc. we therefore look forward to seeing these options in your next update sir. <signature>",neutral,positive,0.9332472681999207,0.009526914,0.057225835,0.93324727
"battery drain, battery drain, battery drain",negative,negative,0.96736741065979,0.9673674,0.027453788,0.005178754
won't open raw files,negative,negative,0.9535759091377258,0.9535759,0.040905036,0.005519094
force closes on samsung moment w/android v <number> . <number>,negative,negative,0.9371574521064758,0.93715745,0.054129183,0.008713311
not as good as desktop app .too slow while navigaring to different channels amd personal chats.,neutral,neutral,0.7611092329025269,0.20165728,0.76110923,0.03723347
weather is nice and shows precipitation also,positive,positive,0.893879234790802,0.0061622425,0.09995849,0.89387923
"won't let me add locations, other than that, works well.",neutral,neutral,0.8717769980430603,0.039531305,0.871777,0.08869168
note <number> <url> of nov <number> th.,negative,neutral,0.7294558882713318,0.113157175,0.7294559,0.15738688
rooms sold not always available,neutral,neutral,0.8443541526794434,0.094228745,0.84435415,0.06141703
please add a feature!,neutral,positive,0.9136450290679932,0.008741359,0.0776136,0.913645
so many ads r coming i hate this app,negative,negative,0.9714611768722534,0.9714612,0.023972366,0.004566525
it does what it's supposed to.,positive,neutral,0.7075092792510986,0.03602323,0.7075093,0.25646746
it really sucks that disabling wysisyg in the settings does not work. i want my input freedom.,negative,negative,0.7637899518013,0.76378995,0.21711339,0.019096665
it's a decent app,positive,neutral,0.7443649768829346,0.043269306,0.744365,0.21236561
have issue on redmi note <number>,neutral,neutral,0.7486897706985474,0.09326121,0.7486898,0.15804899
"i would give it <number> , but it keeps stopping when converting text to pdf",positive,neutral,0.8459213376045227,0.023703609,0.84592134,0.13037504
very good for me,positive,positive,0.9356755018234253,0.00856372,0.05576079,0.9356755
"app whitelisting doesn't work, everything works fine when whitelisting is turned off (tree withers when i exit the app) but when it's on, i can access any app without the tree dying, not just the whitelisted ones. i've also turned on the advanced detection mode, does not help.",neutral,neutral,0.8763043284416199,0.077023566,0.8763043,0.046672106
"this ""use"" to be the greatest weather app right up until <url> latest update froze radar animation and i don't get alerts until i open the app. deleting and going to find a better app.",negative,negative,0.8610590100288391,0.861059,0.115871646,0.023069313
"it does its job, but asking each time to rate the app is infuriating",neutral,neutral,0.8137836456298828,0.028868558,0.81378365,0.15734777
my weatherbug now tells me im <number> towns away. reported <url> they told me i was dumb basically.,negative,negative,0.6377293467521667,0.63772935,0.31830674,0.043963946
crude humor supports the deteriorating morals of society. not acceptable,negative,neutral,0.5328987836837769,0.41819707,0.5328988,0.04890413
after installed the browser <url> phone will hang and some unwanted program to be automatically <url> will affect on <url>,negative,negative,0.9212093353271484,0.92120934,0.069320925,0.009469697
some update or something makes this wonderful app crash. please remedy the issue!!!,neutral,positive,0.6618548035621643,0.036779933,0.30136523,0.6618548
love it but easy on the ads pls,positive,positive,0.9314755797386169,0.006368382,0.062156044,0.9314756
"for all those whose trees are not withering, turn off whitelist mode",neutral,neutral,0.5742854475975037,0.092320345,0.57428545,0.33339417
"i really enjoy this app, it's been quite helpful. however, though it counts the time you exceed the preset goal you don't get any extra trees/bushes. this means that i sometimes go over my time focus goal, but only see one lonely tree for my efforts. good bit of a bummer. otherwise, love the app.",positive,positive,0.9349554181098938,0.00629402,0.05875056,0.9349554
not as accurate at weather channel but i like that i can choose the radar location.,positive,positive,0.4954899847507477,0.012261059,0.49224892,0.49548998
i prefer the blackberry version to the android version. or maybe i've not discovered all the tricks here.,neutral,neutral,0.5712785124778748,0.022099178,0.5712785,0.4066223
great! so much potential!,positive,positive,0.8646251559257507,0.04435278,0.0910221,0.86462516
can't use bbm after update,negative,negative,0.5912312865257263,0.5912313,0.3855775,0.02319116
on getting the latest update the app stopped working all of a sudden. i use samsung galaxy s <number> . please see what has gone wrong. i tried reinstalling the app too. didn't work.,negative,negative,0.9651079177856445,0.9651079,0.029847799,0.0050442107
very very slow even on nexus one,negative,negative,0.524934709072113,0.5249347,0.43968016,0.035385154
like the old version better,positive,neutral,0.7067289352416992,0.052173104,0.70672894,0.24109796
stop asking me to rate every time i launch the app.,negative,neutral,0.501728892326355,0.4257442,0.5017289,0.07252689
lots of force closes on galaxy s.,negative,negative,0.930088222026825,0.9300882,0.0594877,0.01042408
needs more of the core lightroom features,neutral,neutral,0.7510020732879639,0.019813653,0.7510021,0.22918433
"great app, just a few things that need addressed. i can no longer ""purchase"" additional trees and i have the $. it says forbidden after taking a while to load. i've uninstalled and reinstalled, running on the most current app and android os <number> . <number> , droid turbo <number> .",neutral,positive,0.6756419539451599,0.04270235,0.28165573,0.67564195
please add live radar widget!,positive,negative,0.8290678262710571,0.8290678,0.14277248,0.0281597
can't quickly link to specific page or bookmark. sucks. quick office is much better for reading pdfs.,negative,negative,0.8630505800247192,0.8630506,0.125703,0.011246418
it dose not let you do anything,negative,negative,0.9007591009140015,0.9007591,0.08830687,0.010934076
hourly doesn't match the <number> day,neutral,neutral,0.5084095001220703,0.45954368,0.5084095,0.032046806
it's a good app,positive,positive,0.8095730543136597,0.007744518,0.18268244,0.80957305
good app edit picture,positive,positive,0.8374723792076111,0.0069506476,0.15557696,0.8374724
can't bookmark the page! it's hard to read an e-book and remember the page number. i will delete.,negative,negative,0.8063516616821289,0.80635166,0.1826967,0.010951603
use for fast download,positive,positive,0.9156505465507507,0.008638818,0.07571068,0.91565055
used to be the <signature>,negative,negative,0.854701042175293,0.85470104,0.12680417,0.018494787
better than most. quick and easy,positive,positive,0.9454079866409302,0.0070473338,0.047544714,0.945408
"not fast in sending and receiving messages, the app needs to be worked on.",negative,neutral,0.8608809113502502,0.09122042,0.8608809,0.0478987
local adjustment not appearing,positive,neutral,0.8470038175582886,0.049034666,0.8470038,0.1039615
used to be great,negative,negative,0.8947394490242004,0.89473945,0.09135248,0.013908048
just got it <url> fingers crossed,neutral,neutral,0.6091664433479309,0.060288012,0.60916644,0.3305456
best pic editing <url>,positive,positive,0.9285451769828796,0.007228014,0.064226866,0.9285452
no bookmark or jump page. doesnt remember where i was when closed,negative,negative,0.9651241302490234,0.96512413,0.030205585,0.0046702563
"good. only complaint is that sometimes the location on my lock screen is not my current location, but a random one from my saved places.",positive,positive,0.5395366549491882,0.011183532,0.44927976,0.53953665
for the older version,neutral,neutral,0.6918798089027405,0.13667876,0.6918798,0.17144145
"this app is pretty good, but i wish i could use this in my normal keyboard and i hope that it will be animated and have a transparent background",positive,positive,0.8860743641853333,0.00626627,0.10765932,0.88607436
it's very accurate and good,positive,positive,0.9390782713890076,0.006647922,0.05427382,0.9390783
loved it till i got a new phone,negative,negative,0.4903831481933594,0.49038315,0.3951712,0.11444566
works ok but crashes when i rotate my archos <number> .,neutral,neutral,0.9060312509536743,0.026072456,0.90603125,0.06789629
bloats <number> megs needs to be movable to <url>,negative,neutral,0.7395645976066589,0.19882958,0.7395646,0.061605938
shares the way it wants without permission,negative,neutral,0.5963077545166016,0.31315035,0.59630775,0.090541966
external storage for cache,neutral,neutral,0.782980740070343,0.063631706,0.78298074,0.15338753
the radar map is practically useless now,negative,negative,0.9724844694137573,0.97248447,0.022654548,0.0048609986
will not select the correct current location.,negative,neutral,0.7549532651901245,0.1831,0.75495327,0.061946746
cant edit my avatar and cant log in!!,negative,negative,0.9660160541534424,0.96601605,0.029715462,0.004268466
this is worse than what we call pathetic when it comes to mobile app.,negative,negative,0.959281325340271,0.9592813,0.035133924,0.005584786
updated to make it worst,negative,negative,0.9714264273643494,0.9714264,0.023329794,0.0052438118
the trees do not die when i leave the app which is what the app was supposed to do should i have left the app to use other apps like ig or youtube,negative,negative,0.9573490023612976,0.957349,0.03684991,0.0058010574
new version is a major step back,negative,positive,0.7144001722335815,0.05064732,0.23495257,0.7144002
awesome and secure app,positive,positive,0.938556432723999,0.013735916,0.047707688,0.93855643
awful app. really awful.,negative,negative,0.970442533493042,0.97044253,0.023940185,0.005617218
would rate <number> <url>,negative,neutral,0.7895301580429077,0.07204041,0.78953016,0.13842943
"makes an incredibly annoying and loud clicking sound through the speakers whenever you take a photo, with no ability to disable it.",neutral,neutral,0.7022132277488708,0.20823278,0.7022132,0.089553975
it's nice but some problems r there,neutral,neutral,0.6701216697692871,0.012437316,0.67012167,0.31744096
have used it for years,positive,positive,0.9082480669021606,0.018365553,0.07338642,0.90824807
hope it supports split screen,positive,neutral,0.7679592967033386,0.032868396,0.7679593,0.19917226
good app to <url> i alwayz prefer uc browser to <url>,positive,neutral,0.7235245108604431,0.015563386,0.7235245,0.26091212
some issues but otherwise excellent,positive,positive,0.8926569223403931,0.005883877,0.10145918,0.8926569
"this app is great, allows you to edit raw files, and almost has all the same options as a desktop/laptop version. the only thing i would really love to see is a brush setting, really all it needs for <number> stars in my books!",positive,positive,0.937156081199646,0.009137381,0.053706545,0.9371561
basic stuff done well,neutral,positive,0.8812838792800903,0.015188829,0.103527315,0.8812839
unfriendly to free users,negative,negative,0.9489685893058777,0.9489686,0.043758012,0.0072734347
crashed my phone twice in a row doing nothing more then trying to read a <url>,negative,negative,0.9661746025085449,0.9661746,0.028550902,0.005274548
has become unreliable and very inaccurate. loved it and now will get rid of because of terrible forecasts.,negative,negative,0.9528216123580933,0.9528216,0.041085474,0.006092991
still no group contacts like old bbm,negative,neutral,0.7455804944038391,0.18773076,0.7455805,0.06668868
"slow loading, double notifications",neutral,neutral,0.6527000665664673,0.2990653,0.65270007,0.048234582
i love this app but sometimes it is really lagging.,positive,neutral,0.7675819396972656,0.0634884,0.76758194,0.1689297
freezes when opening pdfs. useless. root droid <number> . <number>,negative,negative,0.9712346196174622,0.9712346,0.023878679,0.004886777
"really nice app ,with grt way to analyse yr productivity",positive,positive,0.866847038269043,0.0064613516,0.12669162,0.86684704
great but one major problem,positive,positive,0.7733743190765381,0.019732647,0.20689304,0.7733743
this program needs to be able to jump to specific pages in the pdf. i have a <number> page set of blueprints in need to access multiple times daily. fix,negative,neutral,0.7551868557929993,0.17456776,0.75518686,0.0702454
something went wrong before i could access this app. immediately <url> viruses needed.,negative,negative,0.9606379866600037,0.960638,0.033896852,0.005465189
last update problem when search number adults,negative,neutral,0.7410014271736145,0.18537104,0.7410014,0.07362758
very good app very easy,positive,positive,0.9458633065223694,0.009699203,0.044437498,0.9458633
it's good app and doesn't contain virus,positive,neutral,0.8766072392463684,0.023962261,0.87660724,0.09943049
please add widgets for slack,positive,positive,0.7387701869010925,0.016954541,0.24427526,0.7387702
add hdr support for htc <number> please!,neutral,positive,0.7000876069068909,0.017868727,0.2820437,0.7000876
"suddenly it's killing all my trees it's was working perfectly, but now i keep getting a ""unknown app'",negative,neutral,0.784148633480072,0.08830363,0.78414863,0.12754779
well <url> you need access to my files and my camera ? looks like an insecure joke. i 'll install once we are back to serious.,negative,neutral,0.7892661094665527,0.07385731,0.7892661,0.13687661
this app is <url> not as expected,negative,neutral,0.832241952419281,0.083555795,0.83224195,0.084202245
please add remind me option,neutral,positive,0.9322917461395264,0.0070115216,0.060696725,0.93229175
"original user interface, very usable.",positive,positive,0.7205510139465332,0.019298669,0.26015034,0.720551
i use this site for booking over night stays when going on holiday. good hotel and great staff.,positive,positive,0.9440035223960876,0.010369155,0.045627266,0.9440035
can't access my account,negative,negative,0.9700104594230652,0.97001046,0.025179258,0.004810219
very useful to find non-chain hotels--saving lots of money when all you need is a clean room and a servicable bed.,positive,positive,0.9354516267776489,0.00630683,0.05824151,0.9354516
"love it, something for almost every occasion!",positive,positive,0.9222840666770935,0.025043968,0.052672002,0.92228407
doesn't format text correctly,neutral,neutral,0.5648592710494995,0.39215392,0.5648593,0.04298688
"despite all these new pdf readers, this app provides very good benefits",positive,positive,0.9429084062576294,0.009258502,0.047833152,0.9429084
love it but hate it,neutral,neutral,0.6763355135917664,0.16239755,0.6763355,0.16126694
great application. efficient way to browse and book accommodation.,neutral,positive,0.94704669713974,0.008748857,0.044204425,0.9470467
great mutch eadier than website. quick and convenient,positive,positive,0.9399241805076599,0.009269979,0.050805867,0.9399242
excellent. not needing any permissions is cool.,neutral,positive,0.7540985941886902,0.010251398,0.23564994,0.7540986
"works pretty good, nice to finally have this on android.",positive,positive,0.9408901929855347,0.0056179473,0.053491887,0.9408902
to boring and to many adds,negative,neutral,0.6488903760910034,0.10966982,0.6488904,0.2414398
reply from notification and remove bbm channels,neutral,neutral,0.7109640836715698,0.15102862,0.7109641,0.1380073
love the app but current temperature doesn't stay in the notification bar even though i have it set to go the settings. please fix. i have to constantly open the app for current temp.,positive,positive,0.67104172706604,0.014944311,0.31401402,0.6710417
i like it . works great,neutral,positive,0.9369150400161743,0.01063505,0.05244992,0.93691504
it's good for documents viewings and managing.,positive,positive,0.9067923426628113,0.005886076,0.08732156,0.90679234
it's good but not too much <url> it's working well,positive,neutral,0.6649864912033081,0.013821675,0.6649865,0.32119188
pic porn on ads,negative,negative,0.9054332375526428,0.90543324,0.08261606,0.011950687
dope! i wish there was a batch deletion feature.,positive,negative,0.6451737284660339,0.6451737,0.32508042,0.029745864
"worked great for years but now it double posts everything i send on my chromebook. love it on every other <url> iphone, mac. i hope this is fixed in the next <url> !",neutral,positive,0.843143880367279,0.03888185,0.11797426,0.8431439
"sering error, but it's fine. still working",positive,neutral,0.7656969428062439,0.01742684,0.76569694,0.21687627
full of bugs. i can claim the reward but my coins doesn't increase at all????,negative,neutral,0.5391210913658142,0.36562958,0.5391211,0.09524925
reliable when signal is good,positive,neutral,0.6393985152244568,0.016989488,0.6393985,0.34361202
love it and hate it.,neutral,negative,0.8074190020561218,0.807419,0.14859562,0.043985322
would be good if you could delete after finished!,neutral,neutral,0.7918156981468201,0.018068183,0.7918157,0.1901161
works for me. only one i ever use.,positive,positive,0.9153454899787903,0.020547394,0.06410712,0.9153455
error <url> do not work. i'm having <number> . <number> . <number> <url> still not working .,negative,negative,0.9698087573051453,0.96980876,0.02529888,0.0048923865
it is very good but it needs more options on the facial features and the body motifications,positive,positive,0.8955888152122498,0.005674872,0.09873632,0.8955888
takes up <number> percent of the <url> saves everything u <url> good for a <url> have motorola droid.,negative,neutral,0.8586796522140503,0.06727427,0.85867965,0.07404611
nice <url> was using this <url> information for news and latest updates,neutral,positive,0.8100919127464294,0.009174318,0.18073377,0.8100919
"the whitelist doesn't <url> no matter what i do, my tree dies.",neutral,neutral,0.7220897674560547,0.16715807,0.72208977,0.11075219
"good app, but lacking android wear (and thus pebble) support. i prefer google hangouts to slack because of this missing functionality.",neutral,neutral,0.7716372013092041,0.016195927,0.7716372,0.2121668
great but too much phone access,neutral,neutral,0.6403346657752991,0.020314949,0.64033467,0.33935037
if you can't offer better pricing you're useless,negative,negative,0.9719067811965942,0.9719068,0.023151396,0.0049418327
seriously your ad blocker never works everytime i go to movies site pop up ads pop ups every second very irritating don't <url> u will never get good surfing experience,negative,negative,0.6784952282905579,0.6784952,0.2843091,0.037195705
minimize category and bbm group user friendly,positive,positive,0.7686886191368103,0.01762134,0.21369003,0.7686886
it doesn't save the last page you were on. it's annoying.,neutral,neutral,0.827048659324646,0.120287396,0.82704866,0.052663967
please add something which shows you how long you've worked for each day and maybe a graph for comparing different working times,neutral,positive,0.9447457194328308,0.00921291,0.046041343,0.9447457
not bad better than other,positive,neutral,0.6522375345230103,0.018930295,0.65223753,0.3288322
i like the radar and spark. i work outside so that helps. the temp though? <url> but i guess that's what you get when trying to predict the actions of the most volatile woman in existence. mother nature of course.,neutral,positive,0.8260129690170288,0.009157476,0.16482952,0.82601297
why it is asking to download uc browser when i am going to download song and i don't want to download uc browser,negative,negative,0.5334529280662537,0.5334529,0.40829042,0.05825661
"awesome app!! it helps me a <url> i think it will be better if it had a <url> like we can time when it will start <url> sometimes i like to use my phone a lot. like before bed or using my phone at <url> smting like that. if you had the timer, we can set our work time so we would not play phones at certain <url> but still this app is great!!",positive,positive,0.8539762496948242,0.012074085,0.13394965,0.85397625
good app but <url>,neutral,neutral,0.6946626305580139,0.015010317,0.69466263,0.290327
does the job it aims to do,neutral,positive,0.8924908638000488,0.013665811,0.09384339,0.89249086
ridiculous. why the hell i cannot move it to memory card?,negative,negative,0.9727503657341003,0.97275037,0.022511695,0.004737893
download error problem network gone after network connected again donwload doesn't resume,neutral,negative,0.9020659327507019,0.90206593,0.088420525,0.009513506
"i would give this app more stars if it weren't for the inability to get an overview of the total number of hours sunk into each tag rather than just a percentage, extend the amount of time you want on the fly and to filter by multiple tags vs either only one or all at the moment.",neutral,neutral,0.4926455616950989,0.023507545,0.49264556,0.48384687
"its cool, i love it",neutral,neutral,0.4998563826084137,0.017696211,0.49985638,0.48244736
warning. bad apps. this apps cheat ur money on cancelation,negative,negative,0.9709956049919128,0.9709956,0.024340343,0.0046639596
please fix!! then <number> stars,negative,neutral,0.6731881499290466,0.19440655,0.67318815,0.1324053
it's ok this apps,positive,neutral,0.8943260908126831,0.022628505,0.8943261,0.08304544
please add support for links inside pdf! great app but i really miss that feature!!,neutral,positive,0.94400554895401,0.012253145,0.04374135,0.94400555
weatherbug was better <number> years back than it is now. i do not like the last few updates. the maps not as good especially showing cloud cover with storms or without. the layers is really sib par from the way it was. now for the last <number> days its shutting down for no reason,neutral,neutral,0.7025696635246277,0.21356143,0.70256966,0.08386891
uc helpful but it's have many bad <url>,positive,neutral,0.8279005289077759,0.020297699,0.8279005,0.15180181
it tells me what i need to know,positive,positive,0.6499683260917664,0.028078726,0.32195297,0.6499683
addicted to phone? this is the app,positive,negative,0.8835371136665344,0.8835371,0.0969769,0.019486008
works well but beware the enormous memory use for data. if this could be stored on sd card then i would give <number> stars. as it is may have to uninstall.,neutral,neutral,0.8430072069168091,0.018628847,0.8430072,0.13836393
nice app for viewing documents!!! have been using it since many years!,positive,positive,0.943353533744812,0.0071105785,0.049535885,0.94335353
doesn't have a logout option,positive,neutral,0.6436024308204651,0.3136573,0.64360243,0.04274021
enlarge capacity for sending video,neutral,neutral,0.713961124420166,0.0458478,0.7139611,0.240191
"it needs to have color, hairstyles and have character friends we pick on the lists to be in emojis too. plus can we have clothes come from video games and movies. plz",positive,positive,0.9041547775268555,0.011115764,0.08472949,0.9041548
excellent considering all i want is pdf reader. but confused why such a basic thing like bookmarks is missing! the page nav good but never accurate,neutral,positive,0.8973857760429382,0.0066207545,0.0959934,0.8973858
very funny! it crashes in my s <number> edge+,negative,neutral,0.7020282745361328,0.17476353,0.7020283,0.12320823
cant book in alantic city nj,negative,neutral,0.5328810811042786,0.41191027,0.5328811,0.055208676
learnt about it hope it is going to be <url>,neutral,neutral,0.4889640212059021,0.067657866,0.48896402,0.44337818
i think it is cool because you can use it for anything and could make stories etc.,positive,positive,0.7674746513366699,0.008931427,0.22359389,0.76747465
"so powerful, yet so limited.",neutral,neutral,0.8489447236061096,0.043725453,0.8489447,0.10732975
i really like this app. have a lot of fun with it when i send text messages. haven't had any problems with it.,neutral,positive,0.940945565700531,0.007645187,0.051409185,0.94094557
new icon is really lame. looks like google <url> hahaha. binit,negative,negative,0.9331423044204712,0.9331423,0.05811915,0.008738466
easy and convenient to use,positive,positive,0.9410439729690552,0.0074860677,0.05146998,0.941044
holy data <url> people please!,negative,neutral,0.4034878611564636,0.2879448,0.40348786,0.30856732
screw you slack for arbitrarily forcing everyone on mobile to download this utterly superfluous client while your services run well in browser.,negative,negative,0.9708153605461121,0.97081536,0.024331646,0.004852903
sometime. . force close hard launch,neutral,neutral,0.8292895555496216,0.066780716,0.82928956,0.103929706
"slow, and hang when zoom",negative,neutral,0.6268579959869385,0.33388248,0.626858,0.03925956
"the app is really good. i find it really fun but i suggest that you guys add piercings, birthmarks, beauty marks and things like that, maybe even allow more then two bitmoji characters. other than that, the app is really good",positive,positive,0.9476569294929504,0.0062740375,0.046069082,0.9476569
"would pay extra to get the ads to go away. otherwise, very good.",neutral,positive,0.6165961027145386,0.012628235,0.37077567,0.6165961
beware making fool and cheating beware,negative,negative,0.9699375629425049,0.96993756,0.02430832,0.005754137
what happened to the paid version?,negative,negative,0.9541890621185303,0.95418906,0.038516965,0.00729402
good <number> st version - htc one m <number>,positive,neutral,0.6774408221244812,0.014466694,0.6774408,0.30809247
great app use it to store music in,positive,positive,0.9382418394088745,0.013568121,0.048190065,0.93824184
"could use a bit of <url> other than that, great concept and idea!",neutral,positive,0.8851194381713867,0.0075870138,0.10729352,0.88511944
more customizable than the other guy but not as complete as i'd like,positive,positive,0.8753857612609863,0.006481609,0.1181327,0.87538576
"i always like this app since i used my old curve. but the ads kill me, hahahaha.",positive,neutral,0.6028552651405334,0.25951305,0.60285527,0.13763168
"what a crappy app. rim can do much betta than this. wanted to give it a zero star but that option ain't available, i wonder why.",negative,negative,0.8594452142715454,0.8594452,0.12744142,0.013113419
it's a good app . it saved my mobile from getting virus into my mobile,positive,positive,0.6518925428390503,0.01088516,0.33722228,0.65189254
it's really nice !!!,neutral,positive,0.8590722680091858,0.007862818,0.13306493,0.85907227
"the prices are super high. like,the great <url> a billionaire could pay, but they would be poor afterwards. don't use!",negative,negative,0.9312497973442078,0.9312498,0.06063748,0.008112665
"great local forecast, maybe because i live near their headquarters. it works great when i travels as well.",positive,positive,0.9460609555244446,0.009238494,0.044700503,0.94606096
not very compatible with pomodoro technique,neutral,neutral,0.8805480599403381,0.062846616,0.88054806,0.056605298
very useful and reliable app. documents are available offline which i find very convenient,positive,positive,0.9496126770973206,0.008056748,0.04233058,0.9496127
too many ads! hate it,negative,negative,0.9666251540184021,0.96662515,0.028136149,0.005238676
good but i don't like this app becouse of that annoying ads please remove this <url>,negative,neutral,0.7026447057723999,0.01548825,0.7026447,0.28186712
improve android app please,neutral,positive,0.6577768921852112,0.023593508,0.31862962,0.6577769
not happy over my profile picture,neutral,negative,0.8946096301078796,0.89460963,0.09378214,0.011608229
foxit reader is more convenient,positive,neutral,0.7668718099594116,0.024983173,0.7668718,0.20814505
"cute, simple and motivating!",positive,positive,0.9393371939659119,0.008326614,0.052336197,0.9393372
good but could be better,positive,neutral,0.8071880340576172,0.016182179,0.80718803,0.17662981
"one of the essential apps, but imperfectly realized in android",positive,positive,0.8472574353218079,0.011205044,0.14153744,0.84725744
like it but too much ads,positive,neutral,0.8203330636024475,0.02862045,0.82033306,0.15104638
still very lame. can't open pdfs that are image scans. cmon adobe. really?,negative,negative,0.8591886162757874,0.8591886,0.12814744,0.012663897
"after unable to launch get fixed in the update last night, all my past <number> days history is gone <url> all my lemon <url> this how the developer improve performance? very <url>",negative,negative,0.8820121884346008,0.8820122,0.10308055,0.014907174
you better call it off. useless.,negative,negative,0.9710263013839722,0.9710263,0.0234363,0.0055374335
as good as the web version,positive,positive,0.616760790348053,0.01479518,0.36844406,0.6167608
just updated bbm and all of my chat history disappeared! need a way to restore it. pls fix it.,neutral,negative,0.580322802066803,0.5803228,0.3695126,0.05016462
<salutation> can't even open password protected files. waste of time and memory,negative,negative,0.9694036841392517,0.9694037,0.02602908,0.004567232
i dont understand this ap,neutral,negative,0.9540301561355591,0.95403016,0.040242013,0.0057278555
its a very good app,positive,positive,0.9213237166404724,0.006775825,0.071900494,0.9213237
good website for hotels. plenty of options and many with free cancellation.,positive,positive,0.9229549169540405,0.005835527,0.07120953,0.9229549
bad very very bad. in all website you have ads <url> is <url> <url> bad things <url> <url>,negative,negative,0.9687313437461853,0.96873134,0.026438218,0.004830512
claims app <number> sd but <url> no option to move from phone to sd card. it's a <number> +mb app. htc di <number> . <number>,neutral,negative,0.6697518825531006,0.6697519,0.3061569,0.024091162
"unnecessary app, please kill it.",negative,negative,0.9659024477005005,0.96590245,0.028371485,0.0057260743
my favorite way to communicate,positive,positive,0.9306696653366089,0.013340664,0.055989698,0.93066967
quickly opens up the pdf <url> and very user friendly,positive,positive,0.9311547875404358,0.008612709,0.060232494,0.9311548
force closed after update,neutral,negative,0.9637061357498169,0.96370614,0.02963246,0.0066613303
this app is nice for safe <url>,neutral,positive,0.625039279460907,0.012292791,0.36266792,0.6250393
brings so much important info to my phone in an easy to use format.,positive,positive,0.9270173907279968,0.013780756,0.059201814,0.9270174
very nice and helpful app,positive,positive,0.9461057782173157,0.00839161,0.04550263,0.9461058
don't send fake news,neutral,negative,0.7374925017356873,0.7374925,0.22911648,0.033390976
it asks for login every time i start it and that is very annoying. on my ipad it does not behave that way.,neutral,negative,0.6097460389137268,0.60974604,0.35470048,0.035553437
update <url> bisa copy comment di picture group <url> info bagaimana cara copy coment nya?,negative,neutral,0.5382338166236877,0.31877795,0.5382338,0.14298826
"good so far on phone, afraid to install on laptop, had a older version that wouldn't go away and had constant ads and pop-ups",positive,neutral,0.8528279066085815,0.020520093,0.8528279,0.12665199
this app is far too big.,negative,negative,0.6581553816795349,0.6581554,0.30163017,0.040214468
this is a good app,positive,positive,0.8142334818840027,0.011949149,0.17381738,0.8142335
"i'm heard about security concerns related to this browser, can u explain it?",neutral,neutral,0.6696511507034302,0.14850324,0.66965115,0.18184562
worst app in world,negative,negative,0.9711653590202332,0.97116536,0.023462836,0.005371771
i wish i could make funnies with my friends in them. not just in snapchat. otherwise a very fun app.,positive,positive,0.9414964318275452,0.006397936,0.052105684,0.94149643
its alright but got a long way to go to better repligo. need to be able to skip to chapters and double tap zoom should fit paragraph to screen width,neutral,neutral,0.826960563659668,0.015757613,0.82696056,0.15728174
just missing an iphone feature.,positive,neutral,0.7694674134254456,0.1581433,0.7694674,0.072389364
not as good as on the blackberry phones doesn't show a red star to let you know you have an unread message unless you open the app,neutral,neutral,0.7345582842826843,0.22970177,0.7345583,0.035739932
excellent with some improvements,positive,positive,0.9467380046844482,0.008774757,0.0444872,0.946738
add fonts and stuff,positive,positive,0.9260650277137756,0.0106049795,0.06333006,0.926065
please add some more features,positive,positive,0.9027650356292725,0.009327009,0.08790794,0.90276504
wish you could choose a friends to be part of the emoji,neutral,neutral,0.6424321532249451,0.023398917,0.64243215,0.33416897
this app is useless. if i hit the home button the app plays in the background of my phone without the tree dying. that literally defeats the entire purpose of the app,negative,negative,0.9715548753738403,0.9715549,0.02320565,0.005239499
now i accepted it,positive,positive,0.4574297368526459,0.10145303,0.44111723,0.45742974
support for password protected documents.,neutral,positive,0.7681027054786682,0.015745226,0.21615207,0.7681027
discord came out and improved on slack in every way. there is no reason to use this trash anymore.,negative,negative,0.9694405794143677,0.9694406,0.025318094,0.0052414257
not anymore waste of time,negative,negative,0.9554175138473511,0.9554175,0.037736516,0.0068459655
not able to sign in,negative,negative,0.9497820734977722,0.9497821,0.04382131,0.006396634
edit: i found the lemons and how to kill trees,positive,positive,0.4676758348941803,0.09963946,0.4326847,0.46767583
always eror <url> this app,negative,neutral,0.6142125725746155,0.17293882,0.6142126,0.21284863
has too much space for ads. premium for login. there are more user friendly ways to monetize your app. the concept is ok but poorly executed,negative,neutral,0.7049652338027954,0.2566984,0.70496523,0.038336396
"since using a new update, my htc one x, always not <url>",negative,negative,0.8911692500114441,0.89116925,0.09763272,0.011198037
wpupd give more stars if we could use this app on fb messenger,neutral,neutral,0.6967823505401611,0.1534922,0.69678235,0.14972551
"not more reliable as the desktop app, but it is enough to get by",neutral,neutral,0.8840250968933105,0.023190957,0.8840251,0.09278403
does not open all pdf files that you can open with adobe on the pc. uninstalled.,negative,negative,0.9698073863983154,0.9698074,0.02553568,0.0046569225
"really bad. zoom removes text, outer viewmode locks scrolling etc etc",negative,negative,0.9417912364006042,0.94179124,0.051206302,0.007002456
i think the app is ment for book worms and book worms like me love it,neutral,neutral,0.5372180342674255,0.13686809,0.53721803,0.32591388
chat app or ads app,negative,neutral,0.6587806940078735,0.25952658,0.6587807,0.08169268
"good accuracy, clean look and good features.",positive,positive,0.948735237121582,0.009314406,0.041950315,0.94873524
tree doesn't whether if i leave the app n play game this app sucks,negative,negative,0.9374584555625916,0.93745846,0.0555135,0.007028132
even worse than photoshop,negative,negative,0.947169840335846,0.94716984,0.045294363,0.007535838
begging for bookmark and copy paste option <url>,neutral,neutral,0.6466298699378967,0.19170341,0.64662987,0.16166674
forgets where i was when killed by the system,neutral,neutral,0.4769401252269745,0.4632119,0.47694013,0.05984798
very good. am no lonnger using infinix <number> am using mi note and it is very difficut for me to update my mi note phone.,neutral,neutral,0.6901969313621521,0.018129077,0.69019693,0.29167393
not easy to use,neutral,neutral,0.640450119972229,0.31946576,0.6404501,0.040084194
good app but huge filespace,neutral,positive,0.534936785697937,0.011604665,0.45345852,0.5349368
no substitute for this great secure app for mobile communication in real time,positive,neutral,0.46311697363853455,0.13896145,0.46311697,0.3979216
not for bald people,negative,neutral,0.7839850783348083,0.10749159,0.7839851,0.1085233
really useful app. totally enjoyed using it. i had downloaded this without many expectations but the simplicity and perfection that this app delivered totally blew me away. hats off to the developers !! keep up the great work !!,positive,positive,0.9231970906257629,0.008462979,0.068339996,0.9231971
"it's a good app overall, but the hourly forecast is totally unreliable. if the amatuers at weather underground can get it right <number> % of the time, why is weatherbug wrong <number> % of the time? c'mon folks, it's obviously do-able, so please try putting in the effort to get it right in the future (or at least check out the weather underground site and copy their work).",neutral,neutral,0.8688573241233826,0.02541437,0.8688573,0.105728276
so so. like other apps in the play store. nothing special.,neutral,neutral,0.820404589176178,0.05349218,0.8204046,0.12610318
the standard tool for exchanging documents online,positive,positive,0.9313291907310486,0.009671102,0.058999665,0.9313292
please fix some bug n i will give u <number> star,neutral,neutral,0.7440784573554993,0.07067943,0.74407846,0.18524218
great app over all,positive,positive,0.9320507645606995,0.020646693,0.047302496,0.93205076
the app is interactive and has all the required functions.,positive,positive,0.8981387615203857,0.01197721,0.089884065,0.89813876
it's ok but the follow me is crap,neutral,neutral,0.9015287756919861,0.045440756,0.9015288,0.053030495
update every <number> minutes,neutral,neutral,0.6650898456573486,0.23546581,0.66508985,0.09944431
"i have installed and uninstalled repeated this several times, all it wants to do is update continuously. i can't use it at all.",negative,negative,0.9699919819831848,0.969992,0.025348328,0.004659721
used battery most show identity,negative,neutral,0.7437649369239807,0.11384347,0.74376494,0.14239158
should have more filtering options. should stop nagging for a review when you've already posted one.,neutral,neutral,0.8680314421653748,0.02460152,0.86803144,0.107367024
"after reservation want to add rooms but app just crash, keep loading",negative,negative,0.615863025188446,0.615863,0.3530383,0.031098703
lost in the translation,negative,neutral,0.5701941251754761,0.3400242,0.5701941,0.08978161
new version is much slower than the last. loading messages and channels feels sluggish and tedious.,negative,neutral,0.8817774653434753,0.03924331,0.88177747,0.07897925
where did the precipitation amounts go?,negative,neutral,0.6324121952056885,0.2063272,0.6324122,0.16126056
"it's nice, but it would be great there'd be some piercings",positive,positive,0.6954132914543152,0.008005875,0.29658085,0.6954133
it's a good app,positive,positive,0.8095730543136597,0.007744518,0.18268244,0.80957305
good but could be better,positive,neutral,0.8071880340576172,0.016182179,0.80718803,0.17662981
last update hosed app,negative,negative,0.9075117707252502,0.9075118,0.07952931,0.012958955
"it keeps crashing. i like yet very annoying to keep <url> , weather stopped working.",neutral,negative,0.5481772422790527,0.54817724,0.39912975,0.052693017
the app would be better if you let us use calculator and <url> bcoz sometimes while studying you have to google something <url> just a suggestion.,neutral,neutral,0.6955329179763794,0.016793884,0.6955329,0.2876732
"i love the amount of data and the warnings. however in the last <number> months the application has failed to work often at least once a day. if this issue could be solved, i would give the app <number> stars.",neutral,positive,0.8437114953994751,0.013964907,0.14232357,0.8437115
you just need to add box braids as a hairstyle,positive,positive,0.9371833205223083,0.00986905,0.052947626,0.9371833
its nice to receive anything,positive,positive,0.8068146109580994,0.007236116,0.18594931,0.8068146
this app is awful,negative,negative,0.9699522852897644,0.9699523,0.024755903,0.005291852
"bummer! now i am a former usser!!!! no-ads weatherbug, where are you? hello?",negative,negative,0.9280691146850586,0.9280691,0.06133225,0.010598639
good for an <url>,neutral,neutral,0.7135149240493774,0.019443948,0.7135149,0.2670412
this is very bad,neutral,negative,0.9688183069229126,0.9688183,0.026049279,0.005132475
doesnt work on the gs <number>,negative,negative,0.9684805870056152,0.9684806,0.02678357,0.0047358233
too much ads not good for kids,neutral,negative,0.5690242052078247,0.5690242,0.39849105,0.032484766
not working properly in android above <number> . <number>,positive,negative,0.9591115117073059,0.9591115,0.035254437,0.0056341197
slow sometimes especially during video and audio calls. the app just hangs and stops working.,positive,neutral,0.7775840759277344,0.17202532,0.7775841,0.050390664
if i could alter the apps appearance to allow for inverted colour schemes i would give it <number> stars other than that this is a brilliant app.,positive,positive,0.8494867086410522,0.009471444,0.1410419,0.8494867
one of the <signature>,neutral,positive,0.9375015497207642,0.010335437,0.052163083,0.93750155
"it's not working for me, i'm using samsung tab <number> mini, it's asking for confirmation of date of birth",negative,negative,0.9213176369667053,0.92131764,0.07021542,0.00846704
"i can use other app meanwhile timer is running , so no use waste app",negative,negative,0.9532235860824585,0.9532236,0.04025775,0.0065186433
app is up to date and easy to read.,positive,positive,0.9291225671768188,0.0076743416,0.063203156,0.92912257
"do not waste your time. if u think u can save the earth but no, you have to buy premium first to plant trees. absolute a waste timer",negative,negative,0.9735445380210876,0.97354454,0.022020621,0.00443479
sluggish compared to other pdf readers but renders well.,neutral,neutral,0.5977429747581482,0.016916426,0.597743,0.38534054
"i don't need this, but i'm sure someone will need it.",positive,neutral,0.8662056922912598,0.06109401,0.8662057,0.07270022
"really fast, good and probably the <signature>",positive,positive,0.9380434155464172,0.006579591,0.05537695,0.9380434
"my team, tired of waiting for a department driven initiative for collaboration tools, decided to start using this for ourselves. it's been a great experience so far - quicker responses, easy file sharing, organising social outings and reaching out to the whole team at once etc. the <signature>",positive,positive,0.7642701864242554,0.044217087,0.19151272,0.7642702
bad uploaded pic display,negative,negative,0.9527711868286133,0.9527712,0.04087628,0.0063526006
i like this app is very useful,neutral,positive,0.9253648519515991,0.0069642006,0.067670956,0.92536485
"i was not able to open the app even after reinstalling it twice so instead i installed ""flip flop"" app which is also a similar app",negative,negative,0.913591206073761,0.9135912,0.07743502,0.00897377
what's with all the new permissions?,negative,negative,0.712500810623169,0.7125008,0.23717712,0.050322097
the new automatic markdown feature sucks!!! and you cannot turn it off,negative,negative,0.9717644453048706,0.97176445,0.023253188,0.0049822875
now it use very long time for export photo.,negative,positive,0.9052845239639282,0.016232343,0.07848318,0.9052845
can't import pictures,negative,negative,0.7356322407722473,0.73563224,0.2479597,0.016408011
i love it but for some reason it doesn't work well on my samsung. if it worked better with my phone a higher rating,neutral,positive,0.6256812810897827,0.021470353,0.35284838,0.6256813
did more things to say and more holiday,neutral,positive,0.7199255228042603,0.055749368,0.22432509,0.7199255
can not open edited images on my galaxy note <number>,negative,negative,0.646666407585144,0.6466664,0.33094674,0.022386866
the confirmation details is not shown on <number> rd party screen. not useful if i have to inform <number> rd party of the confirmation details.,neutral,neutral,0.8478774428367615,0.10250312,0.84787744,0.049619336
never sends the correct emoji.,negative,negative,0.8085746169090271,0.8085746,0.17310828,0.018317074
please add save image setting,positive,neutral,0.6111244559288025,0.033585206,0.61112446,0.3552903
i cant run the app after new update!!!,neutral,negative,0.9715813398361206,0.97158134,0.02374697,0.0046716356
ads thats the only thing spoiling this <url> bcz ads are source of income <url> lose this app the source ur getting ads,negative,negative,0.8778325319290161,0.87783253,0.10642715,0.015740277
i have had this app for a while and it works really well,negative,positive,0.9339874386787415,0.012761663,0.053250972,0.93398744
mostly good except- sucks too much background data and not freindly to my battery . should shut itself down.,neutral,neutral,0.881513237953186,0.023922648,0.88151324,0.094564155
"fairly accurate, wish the radar would update a little quicker",positive,positive,0.9374825358390808,0.005134389,0.057383034,0.93748254
what's up with it?,negative,negative,0.5572022795677185,0.5572023,0.3909675,0.051830266
up browser is <signature>,positive,positive,0.5387405157089233,0.08039334,0.38086617,0.5387405
nice app but i can't highlight my text i pressed that longer but it couldn't work please check this out,positive,neutral,0.6634146571159363,0.01507718,0.66341466,0.32150817
love it but the radar needs future time,positive,positive,0.48542577028274536,0.037531927,0.47704235,0.48542577
itss ok but not good at <url>,neutral,neutral,0.911466658115387,0.044452313,0.91146666,0.044081006
animation does not work. really disappointed. use everyday for work. moving on to the weather channel app. never fails.,negative,negative,0.9646649956703186,0.964665,0.030261986,0.005073126
"maybe if the app followed material design guidelines, i would have rated it <number> stars. the controls are based on ios, so it's not easy to find your way, but overall it's a good photo app.",positive,neutral,0.615447461605072,0.0151228355,0.61544746,0.3694297
new layout v <number>,positive,neutral,0.6605008244514465,0.17168064,0.6605008,0.16781859
it does not install,positive,negative,0.968716025352478,0.968716,0.026258834,0.0050251144
"its amazing app, but unfortunately after the new updation the app forced to close when importing a new photo. so please fix that bug immediately",positive,positive,0.7109417915344238,0.019359868,0.2696983,0.7109418
try hotel tonight - $ <number> free,neutral,negative,0.8518909215927124,0.8518909,0.12321897,0.024890091
"it's like <number> stars for the app, <number> star for new booking assistant. god damn it, how the hell can i just answer the message i got from a property???!!! why do i need to see <number> questions of an assistant instead, that i can not delete and that just mess up all the dialog! hate it. really hate this feature! do like everything else though.",positive,negative,0.6351664662361145,0.63516647,0.32600552,0.038828023
been a good weather app for me! thumbs up!,positive,positive,0.9292875528335571,0.010284573,0.060427867,0.92928755
i guess it's <url>,positive,neutral,0.6434866786003113,0.023687119,0.6434867,0.33282617
loved it before update,neutral,negative,0.6909580230712891,0.690958,0.26320773,0.045834187
it is good news app but some improvement required in spelling and language.,positive,positive,0.8883129954338074,0.0060278047,0.10565916,0.888313
"as a frequent user , you should have few options as reward the client should choose between",positive,positive,0.8889063000679016,0.013359075,0.09773457,0.8889063
no bookmark or jump to <url> really annoying,negative,negative,0.8655018210411072,0.8655018,0.12215255,0.012345572
app is <url> service sucks,neutral,negative,0.9446832537651062,0.94468325,0.047361307,0.007955463
i can't use web mobile in <url>,negative,negative,0.8704356551170349,0.87043566,0.11905963,0.010504645
the new button is super poopy.,negative,neutral,0.47166651487350464,0.074149095,0.4716665,0.45418432
"i love it, but desperately needs to save last <url> and place within that <url> a bookmarking function!",neutral,positive,0.5575075149536133,0.111600205,0.33089226,0.5575075
"simple to use,in a straight forward easy to understand format. <signature>",positive,positive,0.9445956349372864,0.007814172,0.04759019,0.94459563
i saw no last minute rates as promised on the description.,negative,neutral,0.7080925107002258,0.1972448,0.7080925,0.09466272
if you browse like i do this is a must have. i rated it <number> stars before but now it is becoming a mess. you are killing its reputation with ads. i must wait for few seconds advert to finish before browsing.,neutral,negative,0.64501953125,0.64501953,0.3132418,0.041738708
the drawer is old,negative,neutral,0.6729559302330017,0.2656432,0.67295593,0.06140083
what a great messanger. you make us who separated a kilometers away can gather in one place. keep <url>,positive,positive,0.7889295220375061,0.04077037,0.17030013,0.7889295
add text option please,neutral,positive,0.8906208276748657,0.00669866,0.102680504,0.8906208
new logo looks like swastika maybe next time dev team will worked on app ram usage?,negative,neutral,0.501736044883728,0.057177067,0.50173604,0.44108692
don't use. can't uninstall on tablet,neutral,negative,0.959193766117096,0.95919377,0.03599865,0.004807621
fast but doesn't allow you to jump to pages no good for big ebooks,neutral,neutral,0.8785843849182129,0.031685125,0.8785844,0.08973052
how can i make a video call??,positive,neutral,0.6398901343345642,0.061868228,0.63989013,0.29824173
easy to use and useful,positive,positive,0.9414725303649902,0.008498709,0.05002875,0.94147253
"i saw this app on engadget and was excited to try it. however, the hdr mode does not work on my phone. i have a samsung galaxy s <number> edge. it is listed as one of the phones that works but the option for hdr is not available on the drop-down menu.",neutral,neutral,0.7309191823005676,0.21731965,0.7309192,0.05176113
i was able to update and view my bookings very easily. very convenient.,positive,positive,0.9383620023727417,0.0066835685,0.05495444,0.938362
"it lost all my progress! i had the cat tree, octopus, etc",negative,negative,0.7068754434585571,0.70687544,0.2600843,0.033040263
best crashes ever!!!! worthless,negative,negative,0.9711308479309082,0.97113085,0.023269495,0.0055996566
radar map never loads first try.,neutral,negative,0.9335718750953674,0.9335719,0.05657409,0.009854152
"simple to the massage, i like bbm,cause i can see when the massage have delivered n read .",positive,positive,0.9370993375778198,0.0063970196,0.056503594,0.93709934
its <url> make something <url>,neutral,neutral,0.5359094142913818,0.10234356,0.5359094,0.36174706
this is my favorite weather app to use. i've used it since i was a teenager. the only problem i have is that the hourly forecast is almost never right which is very inconvenient for me considering i work outside. on the bright side you can look at the radar and pretty much tell what what is gonna hit you.,neutral,positive,0.9371298551559448,0.007571668,0.055298474,0.93712986
cant connect to facebook,neutral,negative,0.9186785221099854,0.9186785,0.07501973,0.0063017304
"i like it and think it's super cute and fun, but i wish it had more such as maybe tattoos or piercings and i wish you could create outfits instead of picking an outfit",positive,positive,0.9489945769309998,0.0071860347,0.043819357,0.9489946
good for quick edits on the move,positive,positive,0.8871141076087952,0.006040173,0.10684575,0.8871141
why the almost daily updates?,neutral,neutral,0.6901792287826538,0.09872735,0.6901792,0.21109343
terrible. i don't need creative cloud!,negative,negative,0.9712356328964233,0.97123563,0.023376634,0.0053877267
sign up form doesn't work and this app doesnt work without an adobe account so it was just a waste of time.,negative,negative,0.9706267714500427,0.9706268,0.024734056,0.004639214
love it but a problem?,positive,neutral,0.7373474836349487,0.054115616,0.7373475,0.20853683
does what supposed to an as far as forcast go seems good,positive,neutral,0.6631827354431152,0.015839549,0.66318274,0.3209777
i can't import alot of my photos!,neutral,negative,0.7843647003173828,0.7843647,0.19360463,0.022030633
horrible pdf reader. there are much better alternatives.,negative,negative,0.9687898755073547,0.9687899,0.025481576,0.005728597
"it's great that it can read my truck's <number> , <number> page service manual right here on my phone; but i can't find anything if there is no search feature!!",neutral,positive,0.6574143171310425,0.0136827165,0.32890302,0.6574143
it does logout of account after closing,positive,neutral,0.59590083360672,0.32255247,0.59590083,0.081546694
"love it. would be great if you could include options to dodge and burn images, too.",positive,positive,0.9392538070678711,0.008885165,0.051861033,0.9392538
i don't like that i can't attach to a text in gboard. i have to go through bitmoji to send in a text. it is easier to send in iphone and i can't do friendmojis,positive,neutral,0.866233229637146,0.077208176,0.8662332,0.05655865
"does not work on the captivate at <url> very disapointed, it just says it has failed to read found files.",negative,negative,0.9652413725852966,0.9652414,0.030171895,0.004586735
it's an useful app,positive,positive,0.9089856743812561,0.0065493006,0.084464975,0.9089857
is the white house in charge of it?,negative,neutral,0.38849887251853943,0.34846967,0.38849887,0.26303142
weather automation doesn't work anymore so it's stupid,negative,negative,0.9614149332046509,0.96141493,0.03316692,0.00541818
some times its just boarding,neutral,neutral,0.8342204689979553,0.052574664,0.83422047,0.113204874
i deplore pdfs of all kinds. <url> the only thing that can read a pdf. but this app does <url> it still sux,negative,negative,0.5410574674606323,0.54105747,0.406627,0.052315503
installs another app without warning,negative,negative,0.9406605958938599,0.9406606,0.048779402,0.01056003
it's your app so you get to choose your logo. but this new one confusing my son that slack is a game and he is complaining i keep playing this game all the time but have no shame in denying his rights to play games eternally. ps: unable to view old items unless we pay is gross.,neutral,negative,0.7953867316246033,0.79538673,0.17957135,0.025042003
"other parties doin better ""reader n even writer"" than adobe!",negative,neutral,0.7815685868263245,0.08131592,0.7815686,0.13711551
takes too much time to load sometimes,positive,neutral,0.8235852718353271,0.12279326,0.8235853,0.053621415
it is an interesting app that uses a lot of memory. but great communication tool,neutral,positive,0.9389825463294983,0.006087079,0.054930422,0.93898255
it's amazing and faster then other <url>,neutral,positive,0.9210938215255737,0.008898023,0.0700081,0.9210938
best weather app out there until it stopped working. won't load anything now. please <url>,negative,neutral,0.7826826572418213,0.0340192,0.78268266,0.18329813
will be much better if it has read out <url>,positive,neutral,0.7752302289009094,0.031910177,0.7752302,0.1928596
good overall but seems to have an issue of being unavailable or offline when other weather apps are working just fine providing the same info. <url> radar,positive,positive,0.6163042187690735,0.009673715,0.3740221,0.6163042
does the camera support long exposure?,positive,neutral,0.5679754018783569,0.020676067,0.5679754,0.4113486
i enjoy using it. i just have to play with it more to get more experience,positive,positive,0.9392920732498169,0.0079943435,0.052713636,0.9392921
it helps me a lot,positive,positive,0.8933820128440857,0.009997052,0.09662092,0.893382
not bad at all. great improvement.,positive,positive,0.9428071975708008,0.0076841624,0.049508635,0.9428072
plenty of unnessary ads,negative,neutral,0.679155707359314,0.21683982,0.6791557,0.10400447
the news feed so annoying please avoid this type of <url> or add a button for stop news <url>,negative,neutral,0.7808610200881958,0.1474702,0.780861,0.071668796
can be a bit complicated and in your face but it does a good job and is well supported by venues.,positive,positive,0.7181663513183594,0.010550755,0.27128288,0.71816635
i liked it. no reply on mobile though.,positive,neutral,0.802230954170227,0.024808524,0.80223095,0.17296053
"works perfectly with snapchat, i hope soon it has more goth/alternative outfits and options for piercings and ear spacers. love the new hair options!",positive,positive,0.9452895522117615,0.012004742,0.042705767,0.94528955
"it used to be a <number> star app but not every time i try to open it it crashes, please fix this asap",negative,negative,0.7481952905654907,0.7481953,0.22935373,0.022450913
where's the support?,negative,neutral,0.5499714016914368,0.24900185,0.5499714,0.2010268
i think nice but mobile hang krta h,neutral,neutral,0.5270985960960388,0.013448565,0.5270986,0.45945284
please add fonts in this app to write . <signature>,neutral,positive,0.9227925539016724,0.013597133,0.06361032,0.92279255
"worked once, then has never worked again.",negative,negative,0.9598053097724915,0.9598053,0.034425892,0.0057688244
fix the radar! what is taking so long? i'm very close to deleting this app for good. i doubt i'm alone!,negative,neutral,0.56180739402771,0.34096038,0.5618074,0.09723225
it is good aap for searching and downloading <url>,positive,positive,0.8066929578781128,0.008121465,0.18518555,0.80669296
while controlling shutter speed whole app is getting freezed.,neutral,negative,0.6914095878601074,0.6914096,0.27411202,0.034478344
"no full language support. what a shame, adobe.",negative,negative,0.9631787538528442,0.96317875,0.03201611,0.0048051286
it's nice <url>,neutral,neutral,0.5860381722450256,0.012540567,0.5860382,0.40142128
"this app is not at all what i had expected. it is very hard to use. at the beggining, you get small info about one fature of the app. once you start to use it, the purpose just gets confusing, how does the tree grow? is the time a stopclock, a timer, im so confused! please improve this app to be more user friendly!",negative,neutral,0.557113528251648,0.4084341,0.5571135,0.03445238
lost status bar info,neutral,negative,0.8516634106636047,0.8516634,0.13048445,0.017852137
it was fine before i was forced to update.,neutral,negative,0.758845865726471,0.75884587,0.21175265,0.029401405
